Place,Competitor,DOB,Nat,Score,Event List,Age,Thrower Class,Gender
1,Anderson PETERS,21 OCT 1997,GRN,1461,Javelin Throw,25.0,1st Class,Male
2,Neeraj CHOPRA,24 DEC 1997,IND,1455,Javelin Throw,25.0,1st Class,Male
3,Jakub VADLEJCH,10 OCT 1990,CZE,1428,Javelin Throw,32.0,1st Class,Male
4,Julian WEBER,29 AUG 1994,GER,1385,Javelin Throw,28.0,1st Class,Male
5,Arshad NADEEM,02 JAN 1997,PAK,1306,Javelin Throw,26.0,1st Class,Male
6,Keshorn WALCOTT,02 APR 1993,TTO,1298,Javelin Throw,30.0,1st Class,Male
7,Curtis THOMPSON,08 FEB 1996,USA,1289,Javelin Throw,27.0,1st Class,Male
8,Oliver HELANDER,01 JAN 1997,FIN,1280,Javelin Throw,26.0,1st Class,Male
9,Andrian MARDARE,20 JUN 1995,MDA,1277,Javelin Throw,27.0,1st Class,Male
10,Lassi ETELÄTALO,30 APR 1988,FIN,1267,Javelin Throw,35.0,1st Class,Male
11,Vítězslav VESELÝ,27 FEB 1983,CZE,1233,Javelin Throw,40.0,1st Class,Male
12,Patriks GAILUMS,10 MAY 1998,LAT,1223,Javelin Throw,25.0,1st Class,Male
13,Roderick Genki DEAN,30 DEC 1991,JPN,1217,Javelin Throw,31.0,1st Class,Male
14,Leandro RAMOS,21 SEP 2000,POR,1199,Javelin Throw,22.0,1st Class,Male
15,Rohit YADAV,06 JUN 2001,IND,1195,Javelin Throw,21.0,1st Class,Male
16,Ethan DABBS,23 JUN 1999,USA,1187,Javelin Throw,23.0,1st Class,Male
17,D.P MANU,24 JAN 2000,IND,1185,Javelin Throw,23.0,1st Class,Male
18,Cameron MCENTYRE,10 FEB 1999,AUS,1184,Javelin Throw,24.0,1st Class,Male
19,Aliaksei KATKAVETS,07 JUN 1998,BLR,1184,Javelin Throw,24.0,1st Class,Male
20,Toni KERÄNEN,16 JUN 1998,FIN,1182,Javelin Throw,24.0,1st Class,Male
21,Andreas HOFMANN,16 DEC 1991,GER,1180,Javelin Throw,31.0,1st Class,Male
22,Manu QUIJERA,13 JAN 1998,ESP,1180,Javelin Throw,25.0,1st Class,Male
23,Toni KUUSELA,21 JAN 1994,FIN,1176,Javelin Throw,29.0,1st Class,Male
24,Rolands ŠTROBINDERS,14 APR 1992,LAT,1171,Javelin Throw,31.0,1st Class,Male
25,Felise VAHAI SOSAIA,30 JUL 1999,FRA,1165,Javelin Throw,23.0,1st Class,Male
26,Artur FELFNER,17 OCT 2003,UKR,1164,Javelin Throw,19.0,1st Class,Male
27,Luiz Mauricio DA SILVA,17 JAN 2000,BRA,1159,Javelin Throw,23.0,1st Class,Male
28,Boris BEZDOLNIY,01 APR 1997,RUS,1155,Javelin Throw,26.0,1st Class,Male
29,Douw SMIT,12 MAY 1999,RSA,1153,Javelin Throw,24.0,1st Class,Male
30,Alexandru Mihaita NOVAC,24 MAR 1997,ROU,1149,Javelin Throw,26.0,1st Class,Male
31,Gatis ČAKŠS,13 JUN 1995,LAT,1144,Javelin Throw,27.0,1st Class,Male
32,Tim GLOVER,01 NOV 1990,USA,1142,Javelin Throw,32.0,1st Class,Male
33,Pedro Henrique RODRIGUES,18 JUN 1999,BRA,1141,Javelin Throw,23.0,1st Class,Male
34,Kenji OGURA,08 JUN 1995,JPN,1139,Javelin Throw,27.0,1st Class,Male
35,Kim AMB,31 JUL 1990,SWE,1136,Javelin Throw,32.0,1st Class,Male
36,Marc Anthony MINICHELLO,06 APR 2000,USA,1136,Javelin Throw,23.0,1st Class,Male
37,Ryohei ARAI,23 JUN 1991,JPN,1134,Javelin Throw,31.0,1st Class,Male
38,Capers WILLIAMSON,13 OCT 1992,USA,1132,Javelin Throw,30.0,1st Class,Male
39,David CARREON,23 MAR 1994,MEX,1131,Javelin Throw,29.0,1st Class,Male
40,Chinecherem NNAMDI,12 JUL 2002,NGR,1126,Javelin Throw,20.0,1st Class,Male
41,Jakob SAMUELSSON,19 FEB 1998,SWE,1126,Javelin Throw,25.0,1st Class,Male
42,Donavon BANKS,15 APR 1997,USA,1125,Javelin Throw,26.0,1st Class,Male
43,Yuta SAKIYAMA,05 APR 1996,JPN,1120,Javelin Throw,27.0,1st Class,Male
44,Timothy HERMAN,19 OCT 1990,BEL,1120,Javelin Throw,32.0,1st Class,Male
45,Cruz HOGAN,22 FEB 1994,AUS,1116,Javelin Throw,29.0,1st Class,Male
46,Emin ÖNCEL,01 MAY 1997,TUR,1111,Javelin Throw,26.0,1st Class,Male
47,Martin KONEČNÝ,20 DEC 1997,CZE,1110,Javelin Throw,25.0,1st Class,Male
48,Max DEHNING,09 SEP 2004,GER,1108,Javelin Throw,18.0,1st Class,Male
49,Keyshawn STRACHAN,18 DEC 2003,BAH,1103,Javelin Throw,19.0,1st Class,Male
50,Kishore JENA,06 SEP 1995,IND,1098,Javelin Throw,27.0,1st Class,Male
51,Arthur W. PETERSEN,18 AUG 1999,DEN,1097,Javelin Throw,23.0,1st Class,Male
52,Maximilian SLEZÁK,02 JUL 1996,SVK,1096,Javelin Throw,26.0,1st Class,Male
53,Denis Adrian BOTH,21 AUG 1997,ROU,1093,Javelin Throw,25.0,1st Class,Male
54,Dagbjartur Dadi JONSSON,13 NOV 1997,ISL,1092,Javelin Throw,25.0,1st Class,Male
55,Norbert RIVASZ-TÓTH,06 MAY 1996,HUN,1092,Javelin Throw,27.0,1st Class,Male
56,Carlos ARMENTA,18 JUL 1990,MEX,1091,Javelin Throw,32.0,1st Class,Male
57,Marcin KRUKOWSKI,14 JUN 1992,POL,1090,Javelin Throw,30.0,1st Class,Male
58,Pavel SASIMOVICH,05 SEP 1999,BLR,1087,Javelin Throw,23.0,1st Class,Male
59,Tatsuya SAKAMOTO,04 MAY 1996,JPN,1087,Javelin Throw,27.0,1st Class,Male
60,Liam O'BRIEN,13 APR 1996,AUS,1085,Javelin Throw,27.0,1st Class,Male
61,Dejan MILEUSNIĆ,16 NOV 1991,BIH,1084,Javelin Throw,31.0,1st Class,Male
62,Billy JULIO LÓPEZ,14 FEB 1996,COL,1084,Javelin Throw,27.0,1st Class,Male
63,Shih-Feng HUANG,02 MAR 1992,TPE,1083,Javelin Throw,31.0,1st Class,Male
64,Ethan SHALAWAY,28 SEP 1994,USA,1082,Javelin Throw,28.0,1st Class,Male
65,Topias LAINE,12 JUL 2001,FIN,1082,Javelin Throw,21.0,1st Class,Male
66,Valery IZOTAU,12 APR 1997,BLR,1081,Javelin Throw,26.0,1st Class,Male
67,Teo TAKALA,06 JUN 1994,FIN,1080,Javelin Throw,28.0,1st Class,Male
68,Janne LÄSPÄ,02 APR 2002,FIN,1080,Javelin Throw,21.0,1st Class,Male
69,Tzuriel PEDIGO,09 JAN 2000,USA,1079,Javelin Throw,23.0,1st Class,Male
70,Maurice VOIGT,08 SEP 2000,GER,1074,Javelin Throw,22.0,1st Class,Male
71,Hamish PEACOCK,15 OCT 1990,AUS,1073,Javelin Throw,32.0,1st Class,Male
72,Taneli JUUTINEN,25 OCT 1994,FIN,1069,Javelin Throw,28.0,1st Class,Male
73,Nikolay ORLOV,07 JAN 1999,RUS,1068,Javelin Throw,24.0,1st Class,Male
74,Abhishek DRALL,11 MAY 1998,IND,1067,Javelin Throw,25.0,1st Class,Male
75,Rikinari ISHIZAKA,02 MAY 1997,JPN,1066,Javelin Throw,26.0,1st Class,Male
76,Rin SUZUKI,13 DEC 2002,JPN,1065,Javelin Throw,20.0,1st Class,Male
77,Elvis GRAHAM,03 OCT 1996,JAM,1064,Javelin Throw,26.0,1st Class,Male
78,Heqing NIU,16 APR 1997,CHN,1063,Javelin Throw,26.0,1st Class,Male
79,Arley IBARGUEN,17 OCT 1982,COL,1061,Javelin Throw,40.0,1st Class,Male
80,Haoran HU,28 SEP 1998,CHN,1061,Javelin Throw,24.0,1st Class,Male
81,Dmitriy TARABIN,29 OCT 1991,RUS,1060,Javelin Throw,31.0,1st Class,Male
82,Nicolas QUIJERA,24 JUN 1996,ESP,1056,Javelin Throw,26.0,1st Class,Male
83,Johan GROBLER,06 AUG 1997,RSA,1056,Javelin Throw,25.0,1st Class,Male
84,Alex Toroitich KIPROTICH,10 OCT 1994,KEN,1056,Javelin Throw,28.0,1st Class,Male
85,Howard MCDONALD,23 AUG 2001,AUS,1055,Javelin Throw,21.0,1st Class,Male
86,Ali Fathi GANJI,21 APR 2001,IRI,1055,Javelin Throw,22.0,1st Class,Male
87,Abhishek SINGH,20 MAY 1995,IND,1051,Javelin Throw,27.0,1st Class,Male
88,Roberto ORLANDO,05 AUG 1995,ITA,1051,Javelin Throw,27.0,1st Class,Male
89,Dawid WEGNER,23 APR 2000,POL,1050,Javelin Throw,23.0,1st Class,Male
90,György HERCZEG,08 AUG 2004,HUN,1049,Javelin Throw,18.0,1st Class,Male
91,Cong WANG,30 JAN 2001,CHN,1048,Javelin Throw,22.0,1st Class,Male
92,Rémi CONROY,17 JUN 1998,FRA,1048,Javelin Throw,24.0,1st Class,Male
93,Aliaksandr KAZLOUSKI,06 FEB 1995,BLR,1044,Javelin Throw,28.0,1st Class,Male
94,Thomas VAN OPHEM,06 SEP 1992,NED,1042,Javelin Throw,30.0,1st Class,Male
95,Jakub KUBÍNEC,18 MAY 1998,SVK,1042,Javelin Throw,24.0,1st Class,Male
96,James WHITEAKER,08 OCT 1998,GBR,1041,Javelin Throw,24.0,1st Class,Male
97,Dimitris TSITSOS,27 SEP 2000,GRE,1039,Javelin Throw,22.0,1st Class,Male
98,Antonio Gabriel ORTIZ CAÑETE,03 SEP 2001,PAR,1038,Javelin Throw,21.0,1st Class,Male
99,Masataka YOKOBORI,25 SEP 1997,JPN,1037,Javelin Throw,25.0,1st Class,Male
100,Arshdeep SINGH,05 APR 1999,IND,1036,Javelin Throw,24.0,1st Class,Male
101,Noel KOVÁCS,22 NOV 1999,HUN,1035,Javelin Throw,23.0,2nd Class,Male
102,Filip DOMINKOVIĆ,18 FEB 2002,SLO,1035,Javelin Throw,21.0,2nd Class,Male
103,Eryk KOŁODZIEJCZAK,04 FEB 2002,POL,1033,Javelin Throw,21.0,2nd Class,Male
104,Tom MEIER,12 MAY 1997,GER,1033,Javelin Throw,26.0,2nd Class,Male
105,Teura'itera'i TUPAIA,06 FEB 2000,FRA,1033,Javelin Throw,23.0,2nd Class,Male
106,Giovanni DIAZ,23 MAR 1994,PAR,1032,Javelin Throw,29.0,2nd Class,Male
107,Lukas MOUTARDE,01 APR 1998,FRA,1031,Javelin Throw,25.0,2nd Class,Male
108,Niklas SAGAWE,16 APR 2000,GER,1028,Javelin Throw,23.0,2nd Class,Male
109,Nico RENSMANN,09 OCT 1996,GER,1027,Javelin Throw,26.0,2nd Class,Male
110,Sumedha RANASINGHE,10 FEB 1991,SRI,1025,Javelin Throw,32.0,2nd Class,Male
111,Martin FLORIAN,20 DEC 2001,CZE,1025,Javelin Throw,21.0,2nd Class,Male
112,Vedran SAMAC,22 JAN 1990,SRB,1024,Javelin Throw,33.0,2nd Class,Male
113,Daniel BAINBRIDGE,02 JUN 1999,GBR,1023,Javelin Throw,23.0,2nd Class,Male
114,Haruka HIGA,31 AUG 1998,JPN,1022,Javelin Throw,24.0,2nd Class,Male
115,Mustafa Mahmoud ABDEL KHALIQ,22 SEP 2001,EGY,1021,Javelin Throw,21.0,2nd Class,Male
116,Sahil SILWAL,17 DEC 2000,IND,1017,Javelin Throw,22.0,2nd Class,Male
117,Tae-poong NAM,11 SEP 1997,KOR,1014,Javelin Throw,25.0,2nd Class,Male
118,Roberto BERTOLINI,09 OCT 1985,ITA,1013,Javelin Throw,37.0,2nd Class,Male
119,Tino MÄKELÄ,31 JUL 1999,FIN,1013,Javelin Throw,23.0,2nd Class,Male
120,Rishab NEHRA,10 DEC 1999,IND,1012,Javelin Throw,23.0,2nd Class,Male
121,Brett THOMPSON,06 FEB 1997,USA,1012,Javelin Throw,26.0,2nd Class,Male
122,Teemu NARVI,02 JUL 2000,FIN,1011,Javelin Throw,22.0,2nd Class,Male
123,Lassi YLI-KOTILA,01 JUN 1999,FIN,1011,Javelin Throw,23.0,2nd Class,Male
124,Mateusz KWAŚNIEWSKI,16 JUL 1995,POL,1008,Javelin Throw,27.0,2nd Class,Male
125,Tatsuki MINAMI,18 JUN 2000,JPN,1007,Javelin Throw,22.0,2nd Class,Male
126,Junzi CAO,13 MAR 2003,CHN,1007,Javelin Throw,20.0,2nd Class,Male
127,Jean Marcos MAIRONGO,02 FEB 2001,ECU,1006,Javelin Throw,22.0,2nd Class,Male
128,Uttam PATIL,01 NOV 1994,IND,1006,Javelin Throw,28.0,2nd Class,Male
129,Lenny BRISSEAULT,02 SEP 2002,FRA,1006,Javelin Throw,20.0,2nd Class,Male
130,Younes YOUSEFVAND,21 APR 1987,IRI,1005,Javelin Throw,36.0,2nd Class,Male
131,Linus LIMMER,11 MAY 2000,GER,1005,Javelin Throw,23.0,2nd Class,Male
132,Benjamin EAST,19 NOV 2003,GBR,1004,Javelin Throw,19.0,2nd Class,Male
133,Da-ni KIM,28 JUN 1999,KOR,1004,Javelin Throw,23.0,2nd Class,Male
134,Maged Mohsen ALBADRY,29 SEP 1995,EGY,1002,Javelin Throw,27.0,2nd Class,Male
135,Xiaobo WANG,18 FEB 2005,CHN,1002,Javelin Throw,18.0,2nd Class,Male
136,Máté JÁRVÁS,31 JAN 2001,HUN,1000,Javelin Throw,22.0,2nd Class,Male
137,Rafael LAUTARO,11 MAR 2002,URU,998,Javelin Throw,21.0,2nd Class,Male
138,Michele FINA,09 SEP 2002,ITA,998,Javelin Throw,20.0,2nd Class,Male
139,Jaakko HAUTA-AHO,10 JAN 1997,FIN,998,Javelin Throw,26.0,2nd Class,Male
140,Qingshu SONG,23 DEC 2000,CHN,997,Javelin Throw,22.0,2nd Class,Male
141,Jarmo MARTTILA,24 OCT 1992,FIN,996,Javelin Throw,30.0,2nd Class,Male
142,Francisco MUSE,09 APR 1996,CHI,995,Javelin Throw,27.0,2nd Class,Male
143,Longyu GAO,29 JAN 2000,CHN,995,Javelin Throw,23.0,2nd Class,Male
144,Cedric SORGELOOS,14 APR 2000,BEL,994,Javelin Throw,23.0,2nd Class,Male
145,Ryusei NAKAMURA,20 FEB 2003,JPN,994,Javelin Throw,20.0,2nd Class,Male
146,Luis Mario TARACENA,03 OCT 1989,GUA,992,Javelin Throw,33.0,2nd Class,Male
147,Ilírio NAZARÉ,16 APR 2000,POR,992,Javelin Throw,23.0,2nd Class,Male
148,Mingyang CUI,02 OCT 2002,CHN,990,Javelin Throw,20.0,2nd Class,Male
149,Pablo COSTAS,10 MAY 2001,ESP,990,Javelin Throw,22.0,2nd Class,Male
150,Spyros SAVVA,24 JAN 2000,CYP,988,Javelin Throw,23.0,2nd Class,Male
151,José ESCOBAR,21 AUG 1991,ECU,987,Javelin Throw,31.0,2nd Class,Male
152,Joe HARRIS,23 MAY 1997,GBR,987,Javelin Throw,25.0,2nd Class,Male
153,Mathys MOUTARDE,28 AUG 2003,FRA,987,Javelin Throw,19.0,2nd Class,Male
154,Tom EGBERS,11 NOV 1999,NED,986,Javelin Throw,23.0,2nd Class,Male
155,Ayumu ISHIYAMA,02 JUN 1996,JPN,984,Javelin Throw,26.0,2nd Class,Male
156,Won-kil PARK,24 FEB 1990,KOR,982,Javelin Throw,33.0,2nd Class,Male
157,Yugo MASUDA,18 APR 1998,JPN,982,Javelin Throw,25.0,2nd Class,Male
158,Hayato YAMADA,05 DEC 2002,JPN,982,Javelin Throw,20.0,2nd Class,Male
159,Kunnar Erich VIISEL,06 OCT 1999,EST,980,Javelin Throw,23.0,2nd Class,Male
160,Timothe CHAUVIN,28 FEB 2000,FRA,979,Javelin Throw,23.0,2nd Class,Male
161,Joni KAARTINEN,04 OCT 1989,SWE,978,Javelin Throw,33.0,2nd Class,Male
162,Eric FRANK,29 JAN 2002,GER,978,Javelin Throw,21.0,2nd Class,Male
163,Jānis Svens GRĪVA,23 APR 1993,LAT,978,Javelin Throw,30.0,2nd Class,Male
164,Tomas SABAŠINSKAS,15 MAR 2000,LTU,977,Javelin Throw,23.0,2nd Class,Male
165,Ahmed Sameh MOHAMED HUSSEIN,10 JAN 2003,EGY,977,Javelin Throw,20.0,2nd Class,Male
166,Yongkun LIU,30 DEC 2002,CHN,976,Javelin Throw,20.0,2nd Class,Male
167,Chao-Hung HUANG,25 SEP 2006,TPE,976,Javelin Throw,16.0,2nd Class,Male
168,Matija KRANJC,12 JUN 1984,SLO,974,Javelin Throw,38.0,2nd Class,Male
169,Esa HILTUNEN,25 DEC 1996,SWE,974,Javelin Throw,26.0,2nd Class,Male
170,Giovanni BELLINI,25 JAN 1996,ITA,973,Javelin Throw,27.0,2nd Class,Male
172,Jonathan CEDEÑO,26 AUG 1995,PAN,973,Javelin Throw,27.0,2nd Class,Male
173,Riki HANADA,08 SEP 2002,JPN,973,Javelin Throw,20.0,2nd Class,Male
174,Evan NIEDROWSKI,07 MAR 2003,USA,973,Javelin Throw,20.0,2nd Class,Male
175,Laurent CARRON,26 MAY 1994,SUI,972,Javelin Throw,28.0,2nd Class,Male
176,Ivan Jose SIBAJA,20 MAY 2000,CRC,972,Javelin Throw,22.0,2nd Class,Male
178,Florian ZIMMERMANN,13 JUN 2001,GER,972,Javelin Throw,21.0,2nd Class,Male
179,Jakob RAHM,20 JUL 2002,SWE,972,Javelin Throw,20.0,2nd Class,Male
180,Ryosuke KAMEI,29 APR 1997,JPN,971,Javelin Throw,26.0,2nd Class,Male
181,Jonáš FIEDLER,07 MAR 2001,CZE,970,Javelin Throw,22.0,2nd Class,Male
182,Zhekai LIU,18 AUG 2000,CHN,969,Javelin Throw,22.0,2nd Class,Male
183,Eetu PELTOKANGAS,21 FEB 2001,FIN,969,Javelin Throw,22.0,2nd Class,Male
184,Jakob NAUCK,13 NOV 1999,GER,969,Javelin Throw,23.0,2nd Class,Male
185,Anže DURJAVA,24 JAN 2001,SLO,969,Javelin Throw,22.0,2nd Class,Male
186,Wiktor MERTKA,07 SEP 1997,POL,968,Javelin Throw,25.0,2nd Class,Male
187,Moritz MORSTEIN,28 JAN 2003,GER,968,Javelin Throw,20.0,2nd Class,Male
188,Rumesh Tharanga PATHIRAGE,21 MAR 2003,SRI,967,Javelin Throw,20.0,2nd Class,Male
189,Hayato TANIGAWA,28 SEP 2001,JPN,967,Javelin Throw,21.0,2nd Class,Male
190,Yarovis Ernesto CONTRERAS,25 AUG 2000,CUB,967,Javelin Throw,22.0,2nd Class,Male
191,Onni RUOKANGAS,13 SEP 2003,FIN,966,Javelin Throw,19.0,2nd Class,Male
192,Ondřej KŘÍŽ,15 JAN 2004,CZE,966,Javelin Throw,19.0,2nd Class,Male
193,Michael ALLISON,17 MAY 2004,GBR,965,Javelin Throw,18.0,2nd Class,Male
194,Lars TIMMERMAN-JETTEN,19 APR 1991,NED,964,Javelin Throw,32.0,2nd Class,Male
196,Jakob ERIKSSON,10 JUN 1998,SWE,964,Javelin Throw,24.0,2nd Class,Male
197,Bruno RODRIGUES DE FARIA,26 JAN 1996,BRA,963,Javelin Throw,27.0,2nd Class,Male
198,Casimir MATTERNE,03 JUL 1999,GER,961,Javelin Throw,23.0,2nd Class,Male
199,Simone COMINI,30 AUG 1998,ITA,960,Javelin Throw,24.0,2nd Class,Male
201,George Catalin ZAHARIA,03 AUG 1995,ROU,959,Javelin Throw,27.0,3rd Class,Male
202,Naoyuki KAKUTA,13 APR 1994,JPN,958,Javelin Throw,29.0,3rd Class,Male
204,Pavel KUVYRSHIN,09 JUL 1998,RUS,958,Javelin Throw,24.0,3rd Class,Male
205,Franck DI SANZA,29 MAR 2000,SUI,957,Javelin Throw,23.0,3rd Class,Male
206,Gregory CAMUS,11 FEB 1985,FRA,956,Javelin Throw,38.0,3rd Class,Male
208,Matīss VELPS,09 JUL 1999,LAT,955,Javelin Throw,23.0,3rd Class,Male
209,Andy WHITE,06 DEC 1989,CAN,954,Javelin Throw,33.0,3rd Class,Male
210,Paolo PUPPO,15 NOV 2002,ITA,954,Javelin Throw,20.0,3rd Class,Male
211,Conor CUSACK,10 MAR 2002,IRL,953,Javelin Throw,21.0,3rd Class,Male
212,Jiarui ZHANG,18 AUG 1999,CHN,953,Javelin Throw,23.0,3rd Class,Male
213,Ondrej BARTOŇ,19 MAR 1993,SVK,953,Javelin Throw,30.0,3rd Class,Male
214,Kazunori YAGI,31 JAN 1994,JPN,952,Javelin Throw,29.0,3rd Class,Male
215,Rodri IGLESIAS GONZALEZ,19 APR 1997,ESP,952,Javelin Throw,26.0,3rd Class,Male
217,Benjamin PEARSON,23 MAY 1994,GBR,951,Javelin Throw,28.0,3rd Class,Male
218,Ikkei YOSHINO,14 MAR 2003,JPN,950,Javelin Throw,20.0,3rd Class,Male
220,Arno MARKOVIĆ,28 AUG 1999,CRO,948,Javelin Throw,23.0,3rd Class,Male
221,Hercules VAN VUUREN,15 APR 1998,RSA,947,Javelin Throw,25.0,3rd Class,Male
222,Nick THUMM,19 OCT 2004,GER,947,Javelin Throw,18.0,3rd Class,Male
223,Sami REUNANEN,19 JAN 1998,FIN,946,Javelin Throw,25.0,3rd Class,Male
224,Kristian LAZZARETTO,22 MAR 2003,ITA,946,Javelin Throw,20.0,3rd Class,Male
225,Erik HUIJING,22 SEP 1995,NED,946,Javelin Throw,27.0,3rd Class,Male
226,Oğuzhan USTA,15 SEP 2002,TUR,945,Javelin Throw,20.0,3rd Class,Male
228,Tsung-Lun WU,14 DEC 2000,TPE,945,Javelin Throw,22.0,3rd Class,Male
229,Orlando THOMAS,13 JAN 1995,JAM,945,Javelin Throw,28.0,3rd Class,Male
231,Antoine OMOBONI,25 OCT 2001,FRA,945,Javelin Throw,21.0,3rd Class,Male
232,Oliver BLACKBURN,19 JUL 2002,AUS,945,Javelin Throw,20.0,3rd Class,Male
233,Thomas KNOOP,10 SEP 2002,NED,944,Javelin Throw,20.0,3rd Class,Male
234,Minghao CUI,04 DEC 2004,CHN,944,Javelin Throw,18.0,3rd Class,Male
235,Dereck OTERO,16 JAN 2000,PUR,943,Javelin Throw,23.0,3rd Class,Male
236,Alex SÁNCHEZ,13 OCT 1993,ESP,943,Javelin Throw,29.0,3rd Class,Male
237,Denis CANEPA,03 MAY 1993,ITA,943,Javelin Throw,30.0,3rd Class,Male
238,Huashuo SUN,16 DEC 2004,CHN,943,Javelin Throw,18.0,3rd Class,Male
239,Kento INOUE,15 SEP 2003,JPN,942,Javelin Throw,19.0,3rd Class,Male
240,Örn DAVIDSSON,17 MAR 1990,ISL,942,Javelin Throw,33.0,3rd Class,Male
241,Robin RIEß,27 JUL 2001,GER,941,Javelin Throw,21.0,3rd Class,Male
242,Theodor THOR,07 OCT 1993,SWE,941,Javelin Throw,29.0,3rd Class,Male
243,Woo-jin CHOI,02 FEB 2004,KOR,940,Javelin Throw,19.0,3rd Class,Male
245,Callum TAYLOR,29 JUN 2004,GBR,940,Javelin Throw,18.0,3rd Class,Male
246,Julian FUNDEL,17 MAR 2000,GER,940,Javelin Throw,23.0,3rd Class,Male
247,Kohei HASEGAWA,01 JAN 1990,JPN,940,Javelin Throw,33.0,3rd Class,Male
249,Mykola KALYUSH,12 AUG 1987,UKR,937,Javelin Throw,35.0,3rd Class,Male
250,Yudai SUTO,23 MAR 2004,JPN,937,Javelin Throw,19.0,3rd Class,Male
251,Maksim GAVRILOV,19 SEP 2003,RUS,936,Javelin Throw,19.0,3rd Class,Male
252,Greg MILLAR,19 DEC 1992,GBR,935,Javelin Throw,30.0,3rd Class,Male
253,Jeroen MAAS,10 JAN 2001,NED,934,Javelin Throw,22.0,3rd Class,Male
254,Iee-tae KIM,06 OCT 2004,KOR,934,Javelin Throw,18.0,3rd Class,Male
255,Yuma SAKURAI,16 NOV 2000,JPN,934,Javelin Throw,22.0,3rd Class,Male
256,Georgios CHRISTAKAKOS,26 JUN 1998,GRE,933,Javelin Throw,24.0,3rd Class,Male
257,Clewerton Ruan DE SOUZA,22 MAY 1992,BRA,933,Javelin Throw,30.0,3rd Class,Male
259,Sebastian R. SUURBALLE,08 JAN 2002,DEN,932,Javelin Throw,21.0,3rd Class,Male
260,Tatsuya ITO,18 SEP 2001,JPN,932,Javelin Throw,21.0,3rd Class,Male
261,Yuriy KUSHNIRUK,06 DEC 1994,UKR,931,Javelin Throw,28.0,3rd Class,Male
262,William TORRES,29 JAN 2000,ECU,931,Javelin Throw,23.0,3rd Class,Male
263,Armand WILLEMSE,18 MAR 2004,RSA,931,Javelin Throw,19.0,3rd Class,Male
264,Dmytro SHEREMET,19 NOV 1992,UKR,930,Javelin Throw,30.0,3rd Class,Male
265,Ergo TAMM,31 JAN 1992,EST,929,Javelin Throw,31.0,3rd Class,Male
266,Gabriel KOLETSI,29 DEC 2003,GRE,929,Javelin Throw,19.0,3rd Class,Male
267,Roman MITCHELL,16 SEP 2000,USA,928,Javelin Throw,22.0,3rd Class,Male
268,Charlie EVANS,28 SEP 2004,GBR,928,Javelin Throw,18.0,3rd Class,Male
269,Jack GREAVES,30 DEC 2004,AUS,927,Javelin Throw,18.0,3rd Class,Male
270,Vojtěch KOZÁK,23 NOV 1992,CZE,927,Javelin Throw,30.0,3rd Class,Male
272,Travis CUDJOE,05 JAN 2000,FRA,926,Javelin Throw,23.0,3rd Class,Male
273,Nikita NASSONOV,21 JUN 2000,RUS,926,Javelin Throw,22.0,3rd Class,Male
274,Garreth CRAWFORD,06 JUN 1999,IRL,926,Javelin Throw,23.0,3rd Class,Male
275,Wojciech SUMINSKI,14 JAN 1994,POL,925,Javelin Throw,29.0,3rd Class,Male
276,Sebastian THÖRNGREN,13 JUL 1993,SWE,924,Javelin Throw,29.0,3rd Class,Male
277,Pan JIANG,15 MAY 2001,CHN,924,Javelin Throw,22.0,3rd Class,Male
278,Simon SCHMITT,13 DEC 2004,GER,923,Javelin Throw,18.0,3rd Class,Male
279,Aku PARVIAINEN,24 JUL 2003,FIN,922,Javelin Throw,19.0,3rd Class,Male
281,Shoma FUJIWARA,30 JAN 2003,JPN,922,Javelin Throw,20.0,3rd Class,Male
282,Jakob EBERLER,12 JAN 2003,GER,921,Javelin Throw,20.0,3rd Class,Male
283,Johandre PIENAAR,12 JAN 2005,RSA,921,Javelin Throw,18.0,3rd Class,Male
284,Keigo MIZUOCHI,28 FEB 2002,JPN,920,Javelin Throw,21.0,3rd Class,Male
286,Aleksandr MURYGIN,24 MAR 2000,RUS,918,Javelin Throw,23.0,3rd Class,Male
287,Sota MURAKAMI,31 DEC 2001,JPN,918,Javelin Throw,21.0,3rd Class,Male
288,Bruno SCHÜRCH,30 JAN 1996,SUI,917,Javelin Throw,27.0,3rd Class,Male
289,Vitaly FAVOROV,08 JUN 2002,CRO,917,Javelin Throw,20.0,3rd Class,Male
290,Manuel CASTELLANOS,16 AUG 1996,ESP,916,Javelin Throw,26.0,3rd Class,Male
291,Alexander OTTOSSON,09 MAR 1987,SWE,916,Javelin Throw,36.0,3rd Class,Male
292,Amir PAPAZI,19 DEC 2001,MNE,915,Javelin Throw,21.0,3rd Class,Male
293,Ville MIETTINEN,01 NOV 1996,FIN,915,Javelin Throw,26.0,3rd Class,Male
295,Takehiro KAMIYA,21 AUG 2000,JPN,914,Javelin Throw,22.0,3rd Class,Male
296,Kotaro TSUTSUMI,16 JUN 2001,JPN,914,Javelin Throw,21.0,3rd Class,Male
297,Lars Anthony FLAMING,27 FEB 2003,PAR,912,Javelin Throw,20.0,3rd Class,Male
298,Alexandr ČAČA,14 JUL 2003,CZE,912,Javelin Throw,19.0,3rd Class,Male
299,Xiangyun WANG,08 JUN 2006,CHN,912,Javelin Throw,16.0,3rd Class,Male
300,Matteo MASETTI,06 SEP 1996,ITA,911,Javelin Throw,26.0,3rd Class,Male
301,Abel ALMEIDA,16 AUG 2002,CUB,911,Javelin Throw,20.0,4th Class,Male
302,Collin BURKHART,26 MAY 2003,USA,910,Javelin Throw,19.0,4th Class,Male
303,Petr HRON,01 MAR 2002,CZE,910,Javelin Throw,21.0,4th Class,Male
304,Filip KAPLAN,17 JAN 2001,CZE,910,Javelin Throw,22.0,4th Class,Male
307,Tzu-Yuan WANG,14 DEC 2004,TPE,907,Javelin Throw,18.0,4th Class,Male
308,Suguru FUKUOKA,30 APR 2000,JPN,904,Javelin Throw,23.0,4th Class,Male
309,Simone CUCINIELLO,09 MAY 2003,ITA,904,Javelin Throw,20.0,4th Class,Male
310,Remi ROUGETET,08 DEC 2001,FRA,904,Javelin Throw,21.0,4th Class,Male
311,Jun-seok JEONG,07 MAR 2005,KOR,903,Javelin Throw,18.0,4th Class,Male
312,Mostafa Nik KHAH,08 NOV 1990,IRI,903,Javelin Throw,32.0,4th Class,Male
313,Marius RUDZEVIČIUS,12 MAR 2003,LTU,903,Javelin Throw,20.0,4th Class,Male
314,Nickolas COFFEY,01 JAN 2002,USA,901,Javelin Throw,21.0,4th Class,Male
316,Lorenzo BRUSCHI,23 AUG 1998,ITA,901,Javelin Throw,24.0,4th Class,Male
317,Leon MENTEN,26 APR 2003,BEL,901,Javelin Throw,20.0,4th Class,Male
318,Ryan MITCHELL,29 JUN 2003,AUS,900,Javelin Throw,19.0,4th Class,Male
320,Artis ČAKŠS,25 JAN 2002,LAT,899,Javelin Throw,21.0,4th Class,Male
321,Kaito MAKINO,03 FEB 2000,JPN,899,Javelin Throw,23.0,4th Class,Male
322,Jordi SANCHEZ FERNANDEZ,09 AUG 1985,ESP,899,Javelin Throw,37.0,4th Class,Male
323,Nathan PROUST,10 JUN 2004,FRA,899,Javelin Throw,18.0,4th Class,Male
324,Reno YUKAWA,08 JUL 2003,JPN,898,Javelin Throw,19.0,4th Class,Male
325,Haddi EL SHORBAGY,18 AUG 2004,AUS,898,Javelin Throw,18.0,4th Class,Male
326,Joonas OKSANEN,17 JAN 1995,FIN,898,Javelin Throw,28.0,4th Class,Male
327,Jiankuan MA,20 NOV 2004,CHN,898,Javelin Throw,18.0,4th Class,Male
328,Aryan PADARUTH,09 OCT 2004,GBR,898,Javelin Throw,18.0,4th Class,Male
330,Jonas DE BUSSCHER,18 AUG 1996,BEL,896,Javelin Throw,26.0,4th Class,Male
332,Jonasz MERTKA,29 MAY 1999,POL,895,Javelin Throw,23.0,4th Class,Male
333,Kosei ASADA,05 OCT 2002,JPN,895,Javelin Throw,20.0,4th Class,Male
334,Ping-Shen WU,12 OCT 2004,TPE,895,Javelin Throw,18.0,4th Class,Male
335,Jyunya MURAYAMA,16 OCT 2001,JPN,895,Javelin Throw,21.0,4th Class,Male
336,Muhammet RAŞIT,18 MAR 2002,TUR,894,Javelin Throw,21.0,4th Class,Male
337,Finn ANTELMANN,21 JAN 2003,SUI,893,Javelin Throw,20.0,4th Class,Male
338,Takaaki SAKAKIMA,15 JAN 1999,JPN,892,Javelin Throw,24.0,4th Class,Male
339,Tomoaki MORIKI,20 NOV 2000,JPN,891,Javelin Throw,22.0,4th Class,Male
340,Zaavan RICHARDS,21 APR 1995,JAM,891,Javelin Throw,28.0,4th Class,Male
341,Genki HIROTA,14 NOV 2000,JPN,891,Javelin Throw,22.0,4th Class,Male
342,Quentin STOUPY,02 DEC 1999,FRA,891,Javelin Throw,23.0,4th Class,Male
343,Vili VALTONEN,13 NOV 2000,FIN,891,Javelin Throw,22.0,4th Class,Male
344,Jie ZHANG,20 JAN 2004,CHN,891,Javelin Throw,19.0,4th Class,Male
345,Jinto DEJI,04 OCT 2003,JPN,891,Javelin Throw,19.0,4th Class,Male
346,Donny TUIMASEVE,17 APR 1999,SAM,890,Javelin Throw,24.0,4th Class,Male
347,Se-heyom KANG,16 JUL 1999,KOR,890,Javelin Throw,23.0,4th Class,Male
348,Hiroto TANIGUCHI,19 OCT 2005,JPN,890,Javelin Throw,17.0,4th Class,Male
349,Hector ARAGUES,04 JAN 1995,ESP,890,Javelin Throw,28.0,4th Class,Male
350,Tadashi NAKAMATSU,08 MAY 2002,JPN,889,Javelin Throw,21.0,4th Class,Male
351,Matthias LASCH,07 SEP 2004,AUT,887,Javelin Throw,18.0,4th Class,Male
352,Masato KODAIRA,27 OCT 2003,JPN,886,Javelin Throw,19.0,4th Class,Male
353,Lauri WUORENRINNE,08 APR 2003,FIN,886,Javelin Throw,20.0,4th Class,Male
354,Jose SANTANA,25 FEB 2003,PUR,886,Javelin Throw,20.0,4th Class,Male
355,Yusaku IWAO,12 APR 2002,JPN,885,Javelin Throw,21.0,4th Class,Male
357,Francisco FERNANDES,01 JUN 1996,POR,885,Javelin Throw,26.0,4th Class,Male
358,Leevi LINDI,11 DEC 1998,FIN,885,Javelin Throw,24.0,4th Class,Male
359,Yuhei MURASAWA,30 APR 1996,JPN,884,Javelin Throw,27.0,4th Class,Male
360,Mutsuki NAKAYAMA,29 JUN 1994,JPN,883,Javelin Throw,28.0,4th Class,Male
361,Gavin JOHNSON-ASSOON,19 DEC 1982,GBR,883,Javelin Throw,40.0,4th Class,Male
362,Mael DILASSER,23 SEP 2004,FRA,883,Javelin Throw,18.0,4th Class,Male
363,Lorenzo BERTOCCHI,02 AUG 2001,ITA,882,Javelin Throw,21.0,4th Class,Male
364,Nikola ROSIĆ,04 JUN 2002,SRB,882,Javelin Throw,20.0,4th Class,Male
365,Jonathan BELL,20 NOV 2000,AUS,882,Javelin Throw,22.0,4th Class,Male
366,Koki TSUKAZAKI,13 DEC 2001,JPN,881,Javelin Throw,21.0,4th Class,Male
367,Samarjeet SINGH,07 NOV 1988,IND,881,Javelin Throw,34.0,4th Class,Male
368,Chase TARR,07 MAY 1999,USA,881,Javelin Throw,24.0,4th Class,Male
369,Sota TAKEMURA,09 JUN 2003,JPN,881,Javelin Throw,19.0,4th Class,Male
370,Shogo NAKAO,29 JAN 1993,JPN,881,Javelin Throw,30.0,4th Class,Male
371,Adam WIENER,21 JUL 2000,AUT,880,Javelin Throw,22.0,4th Class,Male
373,Albert OTTANDER,01 JAN 2000,SWE,878,Javelin Throw,23.0,4th Class,Male
377,Hyoma TOMONO,19 JUN 2000,JPN,876,Javelin Throw,22.0,4th Class,Male
378,Krešimir GALIĆ,02 JUN 2003,CRO,876,Javelin Throw,19.0,4th Class,Male
379,Daniel THRANA,17 OCT 2002,NOR,875,Javelin Throw,20.0,4th Class,Male
380,Atsuto KAWACHI,01 MAR 1999,JPN,874,Javelin Throw,24.0,4th Class,Male
381,Christian PAYNTER,23 APR 1997,AUS,874,Javelin Throw,26.0,4th Class,Male
382,Olle HÜBERT,22 MAY 2003,SWE,873,Javelin Throw,19.0,4th Class,Male
383,Ariel ATIAS,09 MAY 1999,ISR,873,Javelin Throw,24.0,4th Class,Male
384,Joss FOOT,22 FEB 2000,GBR,873,Javelin Throw,23.0,4th Class,Male
385,Koki HISADA,29 MAY 2000,JPN,872,Javelin Throw,22.0,4th Class,Male
386,Baolong HUO,03 DEC 2001,CHN,872,Javelin Throw,21.0,4th Class,Male
387,Máté ADAME,09 AUG 1994,HUN,872,Javelin Throw,28.0,4th Class,Male
390,Marcus HENRIKSEN,07 NOV 2002,NOR,871,Javelin Throw,20.0,4th Class,Male
391,Jan jakub ČÁP,12 JUL 2004,CZE,869,Javelin Throw,18.0,4th Class,Male
392,Maciej TOPOLEWSKI,28 APR 1995,POL,869,Javelin Throw,28.0,4th Class,Male
393,Duncan ROBERTSON,06 MAR 2003,RSA,869,Javelin Throw,20.0,4th Class,Male
394,Norberto FONTANA,12 AUG 1998,ITA,868,Javelin Throw,24.0,4th Class,Male
395,João FERNANDES,30 APR 2005,POR,868,Javelin Throw,18.0,4th Class,Male
397,Simone BONFANTI,24 AUG 2000,ITA,868,Javelin Throw,22.0,4th Class,Male
399,Mário MARQUES,19 JUN 1993,POR,867,Javelin Throw,29.0,4th Class,Male
400,Ali SOULTOINI,12 JUN 1979,FRA,867,Javelin Throw,43.0,4th Class,Male
402,Lauro HERNANDEZ,06 JUN 2001,MEX,867,Javelin Throw,21.0,5th Class,Male
404,Markus ROBBERTS,07 APR 2000,AUS,865,Javelin Throw,23.0,5th Class,Male
405,Reuben BOOYSEN,01 DEC 2003,RSA,865,Javelin Throw,19.0,5th Class,Male
406,Raffaele LETTERA,15 JAN 2003,ITA,864,Javelin Throw,20.0,5th Class,Male
407,Arthur DUDIT,11 NOV 1994,FRA,864,Javelin Throw,28.0,5th Class,Male
409,Tiago APERTA,15 JAN 1992,POR,863,Javelin Throw,31.0,5th Class,Male
411,Yosuke KOTSUKA,09 DEC 2002,JPN,862,Javelin Throw,20.0,5th Class,Male
412,Jett KINDER,04 JUL 2001,USA,860,Javelin Throw,21.0,5th Class,Male
413,Nick HOWE,17 NOV 1989,USA,860,Javelin Throw,33.0,5th Class,Male
414,Elias NILSEN,19 JUL 2001,NOR,859,Javelin Throw,21.0,5th Class,Male
415,Borna KRAJINA,20 JUL 2003,CRO,859,Javelin Throw,19.0,5th Class,Male
416,Jakob Gal BLATNIK,02 OCT 2003,SLO,859,Javelin Throw,19.0,5th Class,Male
417,Leikel H. CABRERA,30 NOV 2004,CUB,858,Javelin Throw,18.0,5th Class,Male
418,Viktor ERTELT,21 AUG 2001,GER,857,Javelin Throw,21.0,5th Class,Male
420,Florian WALTHER,01 MAR 2000,GER,857,Javelin Throw,23.0,5th Class,Male
421,Tao JIN,21 MAR 2005,CHN,856,Javelin Throw,18.0,5th Class,Male
422,Hiroki NIINOU,04 JUN 2002,JPN,856,Javelin Throw,20.0,5th Class,Male
425,Julius HEIDELBERG,11 JUL 2001,GER,856,Javelin Throw,21.0,5th Class,Male
426,Kota TAKANO,08 SEP 2002,JPN,855,Javelin Throw,20.0,5th Class,Male
428,Hiroki SAKAKIBARA,22 JUN 1990,JPN,855,Javelin Throw,32.0,5th Class,Male
429,Ken WATANABE,22 AUG 2001,JPN,855,Javelin Throw,21.0,5th Class,Male
430,Jared NEIGHBOURS,14 FEB 2000,NZL,854,Javelin Throw,23.0,5th Class,Male
431,Oleg BRASLAVSKIY,02 OCT 2004,RUS,854,Javelin Throw,18.0,5th Class,Male
432,Bram VAN DER REYSEN,16 AUG 1998,BEL,854,Javelin Throw,24.0,5th Class,Male
433,Mees PRINSEN,14 OCT 2001,NED,853,Javelin Throw,21.0,5th Class,Male
434,Ren TAKASUGA,10 JUN 2000,JPN,853,Javelin Throw,22.0,5th Class,Male
435,Sogo UEMURA,24 MAY 2002,JPN,853,Javelin Throw,20.0,5th Class,Male
437,Hodei OYANGUREN,20 JAN 1999,ESP,853,Javelin Throw,24.0,5th Class,Male
438,Matīss KAUDZE,27 MAR 2002,LAT,852,Javelin Throw,21.0,5th Class,Male
439,Lucio Claudio VISCA,23 SEP 2005,ITA,852,Javelin Throw,17.0,5th Class,Male
440,Tsuyoshi SAWADA,17 AUG 1996,JPN,850,Javelin Throw,26.0,5th Class,Male
441,Mauricio DE BRITO FILGUEIRAS,16 SEP 1994,BRA,849,Javelin Throw,28.0,5th Class,Male
442,Righardt STANDER,21 MAY 2004,RSA,849,Javelin Throw,18.0,5th Class,Male
443,Masaaki MICHIUE,17 DEC 1994,JPN,848,Javelin Throw,28.0,5th Class,Male
444,Taiga YOKOI,24 APR 2003,JPN,848,Javelin Throw,20.0,5th Class,Male
445,Vincent VAN DEN BOSCH,30 JUN 1989,BEL,848,Javelin Throw,33.0,5th Class,Male
447,Juha KARJUNEN,06 AUG 2003,FIN,847,Javelin Throw,19.0,5th Class,Male
448,Shion AZUMA,02 APR 2003,JPN,847,Javelin Throw,20.0,5th Class,Male
449,Maxime FRERET,13 JUL 1998,FRA,846,Javelin Throw,24.0,5th Class,Male
451,Marc ALIQUE,30 SEP 1996,ESP,845,Javelin Throw,26.0,5th Class,Male
452,Rikuto SUZUKI,20 NOV 2003,JPN,845,Javelin Throw,19.0,5th Class,Male
453,Ahti PEDER,29 AUG 1976,EST,845,Javelin Throw,46.0,5th Class,Male
454,Amine LABDI,23 AUG 2000,GER,845,Javelin Throw,22.0,5th Class,Male
456,Clement RIEUX,23 SEP 1996,FRA,843,Javelin Throw,26.0,5th Class,Male
457,Arata YAKUSHIJI,16 APR 2004,JPN,842,Javelin Throw,19.0,5th Class,Male
460,Kazuki OE,09 MAY 1996,JPN,841,Javelin Throw,27.0,5th Class,Male
461,Kaede TAKAHASHI,03 NOV 2001,JPN,841,Javelin Throw,21.0,5th Class,Male
463,Jose Fernando FERREIRA SANTANA,27 MAR 1999,BRA,840,Javelin Throw,24.0,5th Class,Male
464,Giacomo MEDEOSSI,07 JUN 1997,ITA,840,Javelin Throw,25.0,5th Class,Male
465,Konrad KRUSCHE,29 MAR 2001,POL,840,Javelin Throw,22.0,5th Class,Male
466,Stellan BACK,19 MAY 1975,SWE,840,Javelin Throw,47.0,5th Class,Male
467,Aris-Nikolaos PERISTERIS,02 JAN 1998,GRE,839,Javelin Throw,25.0,5th Class,Male
468,Haotian HU,16 NOV 2002,CHN,839,Javelin Throw,20.0,5th Class,Male
470,Kippei YOSHIMURA,09 JAN 2002,JPN,839,Javelin Throw,21.0,5th Class,Male
471,Antti VORNANEN,23 AUG 2000,FIN,838,Javelin Throw,22.0,5th Class,Male
472,Kakeru NAKAMURA,07 AUG 2002,JPN,838,Javelin Throw,20.0,5th Class,Male
473,Baptiste SAVARY,02 JAN 1995,FRA,838,Javelin Throw,28.0,5th Class,Male
474,Tommi Aslaksrud PASANEN,07 FEB 2004,NOR,837,Javelin Throw,19.0,5th Class,Male
475,Tuomas NÄRHI,29 NOV 2004,FIN,836,Javelin Throw,18.0,5th Class,Male
476,Jurgis DŽIAUGYS,18 JAN 2000,LTU,836,Javelin Throw,23.0,5th Class,Male
477,Kosuke SEINO,20 AUG 2004,JPN,835,Javelin Throw,18.0,5th Class,Male
478,Hubert GOELLER,28 JAN 1977,ITA,834,Javelin Throw,46.0,5th Class,Male
479,Andrey MARINOVICH,17 SEP 2000,BLR,833,Javelin Throw,22.0,5th Class,Male
480,Nikola BREKOVIĆ,08 JUN 1996,SRB,832,Javelin Throw,26.0,5th Class,Male
481,Lebron JAMES,27 JAN 2005,TTO,832,Javelin Throw,18.0,5th Class,Male
485,Nicolas YOYO,24 DEC 1991,FRA,831,Javelin Throw,31.0,5th Class,Male
486,Redford CURTIS,25 OCT 1996,GBR,830,Javelin Throw,26.0,5th Class,Male
487,Adam Sebastian HELCELET,27 OCT 1991,CZE,830,Javelin Throw,31.0,5th Class,Male
488,Hiroto KATAYAMA,24 JUL 2002,JPN,830,Javelin Throw,20.0,5th Class,Male
489,Kosuke NAKANISHI,01 MAR 2003,JPN,830,Javelin Throw,20.0,5th Class,Male
491,Sebastien AUBERT,17 SEP 1997,FRA,830,Javelin Throw,25.0,5th Class,Male
492,Jhon Louis GARCIA DE JESUS,21 JUL 1999,ESP,829,Javelin Throw,23.0,5th Class,Male
493,David PROSKE,22 MAR 2004,CZE,829,Javelin Throw,19.0,5th Class,Male
494,Otto HIIVOLA,28 JUL 2004,FIN,829,Javelin Throw,18.0,5th Class,Male
495,Szabolcs NÉMETHY,13 FEB 2003,HUN,828,Javelin Throw,20.0,5th Class,Male
496,Tomonori MORISAWA,14 DEC 2005,JPN,826,Javelin Throw,17.0,5th Class,Male
497,Thibaud DUTREY,13 FEB 2000,FRA,826,Javelin Throw,23.0,5th Class,Male
498,Kazuhisa MATSUSHIMA,27 FEB 2001,JPN,826,Javelin Throw,22.0,5th Class,Male
499,Shota KOMATSU,11 OCT 2002,JPN,826,Javelin Throw,20.0,5th Class,Male
500,Martin JANCSIK,06 JAN 2004,HUN,826,Javelin Throw,19.0,5th Class,Male
1,Kara WINGER,10 APR 1986,USA,1382,Javelin Throw,37.0,1st Class,Female
2,Kelsey-Lee BARBER,20 SEP 1991,AUS,1367,Javelin Throw,31.0,1st Class,Female
3,Haruka KITAGUCHI,16 MAR 1998,JPN,1357,Javelin Throw,25.0,1st Class,Female
4,Mackenzie LITTLE,22 DEC 1996,AUS,1294,Javelin Throw,26.0,1st Class,Female
5,Elina TZENGKO,02 SEP 2002,GRE,1269,Javelin Throw,20.0,1st Class,Female
6,Līna MŪZE,04 DEC 1992,LAT,1254,Javelin Throw,30.0,1st Class,Female
7,Liveta JASIŪNAITĖ,26 JUL 1994,LTU,1228,Javelin Throw,28.0,1st Class,Female
8,Barbora ŠPOTÁKOVÁ,30 JUN 1981,CZE,1225,Javelin Throw,41.0,1st Class,Female
9,Adriana VILAGOŠ,02 JAN 2004,SRB,1223,Javelin Throw,19.0,1st Class,Female
10,Annu RANI,29 AUG 1992,IND,1209,Javelin Throw,30.0,1st Class,Female
11,Nikola OGRODNÍKOVÁ,18 AUG 1990,CZE,1208,Javelin Throw,32.0,1st Class,Female
12,Elizabeth GLEADLE,05 DEC 1988,CAN,1207,Javelin Throw,34.0,1st Class,Female
13,Tatsiana KHALADOVICH,21 JUN 1991,BLR,1195,Javelin Throw,31.0,1st Class,Female
14,Yulenmis AGUILAR,03 AUG 1996,CUB,1184,Javelin Throw,26.0,1st Class,Female
15,Shiying LIU,24 SEP 1993,CHN,1177,Javelin Throw,29.0,1st Class,Female
16,Flor Denis RUIZ HURTADO,29 JAN 1991,COL,1177,Javelin Throw,32.0,1st Class,Female
17,Tori PEETERS,17 MAY 1994,NZL,1172,Javelin Throw,28.0,1st Class,Female
18,Jo-Ane VAN DYK,03 OCT 1997,RSA,1167,Javelin Throw,25.0,1st Class,Female
19,Christin HUSSONG,17 MAR 1994,GER,1167,Javelin Throw,29.0,1st Class,Female
20,Ariana INCE,14 MAR 1989,USA,1166,Javelin Throw,34.0,1st Class,Female
21,Jucilene Sales DE LIMA,14 SEP 1990,BRA,1160,Javelin Throw,32.0,1st Class,Female
22,Sara KOLAK,22 JUN 1995,CRO,1151,Javelin Throw,27.0,1st Class,Female
23,Juleisy ANGULO,02 JAN 2001,ECU,1150,Javelin Throw,22.0,1st Class,Female
24,Réka SZILÁGYI,19 JAN 1996,HUN,1145,Javelin Throw,27.0,1st Class,Female
25,Victoria HUDSON,28 MAY 1996,AUT,1138,Javelin Throw,26.0,1st Class,Female
26,Sae TAKEMOTO,23 NOV 1999,JPN,1133,Javelin Throw,23.0,1st Class,Female
27,Coralys ORTIZ,16 APR 1985,PUR,1129,Javelin Throw,38.0,1st Class,Female
28,Annika Marie FUCHS,29 APR 1997,GER,1127,Javelin Throw,26.0,1st Class,Female
29,Marina SAITO,15 OCT 1995,JPN,1125,Javelin Throw,27.0,1st Class,Female
30,Nikol TABAČKOVÁ,24 JAN 1998,CZE,1124,Javelin Throw,25.0,1st Class,Female
31,Vera MARKARYAN,25 FEB 1989,RUS,1105,Javelin Throw,34.0,1st Class,Female
32,Martina RATEJ,02 NOV 1981,SLO,1102,Javelin Throw,41.0,1st Class,Female
33,Momone UEDA,27 JUN 1999,JPN,1101,Javelin Throw,23.0,1st Class,Female
34,Mahiro OSA,26 NOV 1999,JPN,1100,Javelin Throw,23.0,1st Class,Female
35,Madara PALAMEIKA,18 JUN 1987,LAT,1100,Javelin Throw,35.0,1st Class,Female
36,Rhema OTABOR,03 DEC 2002,BAH,1099,Javelin Throw,20.0,1st Class,Female
37,Marija VUČENOVIĆ,03 APR 1993,SRB,1095,Javelin Throw,30.0,1st Class,Female
38,Viktoryia BAHUTSKAYA,18 JAN 1995,BLR,1093,Javelin Throw,28.0,1st Class,Female
39,Lea WIPPER,14 OCT 2001,GER,1087,Javelin Throw,21.0,1st Class,Female
40,Eda TUĞSUZ,27 MAR 1997,TUR,1081,Javelin Throw,26.0,1st Class,Female
41,Alizée MINARD,06 MAY 1997,FRA,1077,Javelin Throw,26.0,1st Class,Female
42,Yiselena BALLAR ROJAS,12 JAN 2003,CUB,1077,Javelin Throw,20.0,1st Class,Female
43,Jana Marie LOWKA,13 DEC 2000,GER,1070,Javelin Throw,22.0,1st Class,Female
44,Hanna HATSKO,03 OCT 1990,UKR,1069,Javelin Throw,32.0,1st Class,Female
45,Kathryn MITCHELL,10 JUL 1982,AUS,1064,Javelin Throw,40.0,1st Class,Female
46,Gedly TUGI,11 SEP 2001,EST,1063,Javelin Throw,21.0,1st Class,Female
48,Arantza MORENO,16 JAN 1995,ESP,1057,Javelin Throw,28.0,1st Class,Female
49,Lijuan GE,17 JUL 1997,CHN,1055,Javelin Throw,25.0,1st Class,Female
50,Sanne ERKKOLA,08 MAR 1994,FIN,1054,Javelin Throw,29.0,1st Class,Female
51,Martina PÍŠOVÁ,20 JUL 1994,CZE,1053,Javelin Throw,28.0,1st Class,Female
52,Yiset Magali JIMENEZ,19 APR 2000,COL,1051,Javelin Throw,23.0,1st Class,Female
53,Sara JEMAI,12 APR 1992,ITA,1050,Javelin Throw,31.0,1st Class,Female
54,Fanni KÖVÉR,15 FEB 2004,HUN,1050,Javelin Throw,19.0,1st Class,Female
55,Esra TÜRKMEN,20 JAN 2002,TUR,1049,Javelin Throw,21.0,1st Class,Female
56,Kihou KUZE,28 MAR 1995,JPN,1048,Javelin Throw,28.0,1st Class,Female
57,Momoko TSUJI,05 DEC 2003,JPN,1044,Javelin Throw,19.0,1st Class,Female
58,Bekah WALTON,20 SEP 1999,GBR,1043,Javelin Throw,23.0,1st Class,Female
59,Veronika ŠOKOTA,09 MAR 2004,CRO,1042,Javelin Throw,19.0,1st Class,Female
60,Luz Mariana CASTRO,23 JAN 1997,MEX,1040,Javelin Throw,26.0,1st Class,Female
61,Madison WILTROUT,04 JUN 1999,USA,1038,Javelin Throw,23.0,1st Class,Female
62,Shilpa RANI,15 JUN 1996,IND,1036,Javelin Throw,26.0,1st Class,Female
63,Dana BERGRATH,24 APR 1994,GER,1036,Javelin Throw,29.0,1st Class,Female
64,Petra ANDREJSKOVÁ,25 JUN 1992,CZE,1036,Javelin Throw,30.0,1st Class,Female
65,Reina KIMURA,07 SEP 2001,JPN,1035,Javelin Throw,21.0,1st Class,Female
66,Angéla MORAVCSIK,13 MAY 1996,HUN,1035,Javelin Throw,27.0,1st Class,Female
67,Manuela ROTUNDO,19 JUL 2004,URU,1033,Javelin Throw,18.0,1st Class,Female
68,Valentina BARRIOS,02 DEC 2003,COL,1032,Javelin Throw,19.0,1st Class,Female
69,Carolina VISCA,31 MAY 2000,ITA,1030,Javelin Throw,22.0,1st Class,Female
70,Mckyla VAN DER WESTHUIZEN,11 MAR 2004,RSA,1029,Javelin Throw,19.0,1st Class,Female
71,Christine WINKLER,04 MAY 1995,GER,1028,Javelin Throw,28.0,1st Class,Female
72,Ashton RINER,24 FEB 1999,USA,1027,Javelin Throw,24.0,1st Class,Female
73,Xinjie GU,02 FEB 2001,CHN,1027,Javelin Throw,22.0,1st Class,Female
74,Hanna KALINOUSKAYA,19 AUG 1999,BLR,1024,Javelin Throw,23.0,1st Class,Female
75,Julia VALTANEN,06 MAY 2001,FIN,1022,Javelin Throw,22.0,1st Class,Female
76,Yuka SATO,21 JUL 1992,JPN,1016,Javelin Throw,30.0,1st Class,Female
77,Anni-Linnea ALANEN,11 NOV 2002,FIN,1012,Javelin Throw,20.0,1st Class,Female
78,Jenni KANGAS,03 JUL 1992,FIN,1009,Javelin Throw,30.0,1st Class,Female
79,Gyeongae KIM,05 MAR 1988,KOR,1007,Javelin Throw,35.0,1st Class,Female
80,Xiaomei SUN,02 DEC 1996,CHN,1004,Javelin Throw,26.0,1st Class,Female
81,Lianna DAVIDSON,08 NOV 2002,AUS,1004,Javelin Throw,20.0,1st Class,Female
82,Ella VEDENEYEVA,30 NOV 1998,RUS,1000,Javelin Throw,24.0,1st Class,Female
83,Adjimon Pascaline ADANHOEGBE,19 OCT 1995,ITA,1000,Javelin Throw,27.0,1st Class,Female
84,Valeriya PUTILINA,23 APR 2002,RUS,1000,Javelin Throw,21.0,1st Class,Female
85,Sophia RIVERA,17 OCT 1998,PUR,999,Javelin Throw,24.0,1st Class,Female
86,Lisanne SCHOL,22 JUN 1991,NED,998,Javelin Throw,31.0,1st Class,Female
87,Sara ZABARINO,01 AUG 1999,ITA,997,Javelin Throw,23.0,1st Class,Female
88,Petra SIČAKOVÁ,14 APR 2003,CZE,996,Javelin Throw,20.0,1st Class,Female
89,Yuliya MAKEYEVA,05 NOV 2000,BLR,996,Javelin Throw,22.0,1st Class,Female
90,Indré JAKUBAITYTĖ,24 JAN 1976,LTU,994,Javelin Throw,47.0,1st Class,Female
91,Rebekah WALES,02 OCT 1995,USA,994,Javelin Throw,27.0,1st Class,Female
92,Claudia FERREIRA,03 OCT 1998,POR,993,Javelin Throw,24.0,1st Class,Female
93,Qianqian DAI,23 AUG 2000,CHN,993,Javelin Throw,22.0,1st Class,Female
94,Qiaohui GE,22 DEC 2000,CHN,993,Javelin Throw,22.0,1st Class,Female
95,Mayya BOGATYROVA,30 MAY 2000,RUS,992,Javelin Throw,22.0,1st Class,Female
96,Saara LIPSANEN,13 SEP 1995,FIN,992,Javelin Throw,27.0,1st Class,Female
97,Jatta-Mari JÄÄSKELÄINEN,27 FEB 1994,FIN,992,Javelin Throw,29.0,1st Class,Female
98,Lucija CVITANOVIĆ,17 SEP 1991,CRO,991,Javelin Throw,31.0,1st Class,Female
99,Laila FERRER,30 JUL 1982,BRA,990,Javelin Throw,40.0,1st Class,Female
100,Musharaf SAIDAKHMEDOVA,03 APR 1995,UZB,988,Javelin Throw,28.0,1st Class,Female
101,Paola PADOVAN,04 DEC 1995,ITA,986,Javelin Throw,27.0,2nd Class,Female
102,Sakura KAMEI,18 MAR 2001,JPN,986,Javelin Throw,22.0,2nd Class,Female
104,Afroditi MANIOU,19 AUG 1998,GRE,984,Javelin Throw,24.0,2nd Class,Female
105,Federica BOTTER,23 JAN 2001,ITA,983,Javelin Throw,22.0,2nd Class,Female
106,Margherita RANDAZZO,21 AUG 2002,ITA,979,Javelin Throw,20.0,2nd Class,Female
107,Nozomi SAKURAI,27 APR 2005,JPN,978,Javelin Throw,18.0,2nd Class,Female
108,Jingyi YIN,29 OCT 2002,CHN,977,Javelin Throw,20.0,2nd Class,Female
109,Nargiza KUCHKAROVA,27 FEB 1999,UZB,976,Javelin Throw,24.0,2nd Class,Female
110,Erika LUKACH,31 JAN 2002,UKR,976,Javelin Throw,21.0,2nd Class,Female
111,Emilia KARELL,30 MAR 2003,FIN,976,Javelin Throw,20.0,2nd Class,Female
112,Sigrid BORGE,03 DEC 1995,NOR,975,Javelin Throw,27.0,2nd Class,Female
113,Yu LIAO,18 MAY 2000,CHN,974,Javelin Throw,22.0,2nd Class,Female
114,Ayaka ISHIGAKI,29 JAN 2001,JPN,973,Javelin Throw,22.0,2nd Class,Female
115,Hui-Jun LI,12 MAY 1999,TPE,973,Javelin Throw,24.0,2nd Class,Female
116,Münevver HANCI,25 JAN 2001,TUR,972,Javelin Throw,22.0,2nd Class,Female
117,Aoi MURAKAMI,11 MAR 2004,JPN,968,Javelin Throw,19.0,2nd Class,Female
118,Emma WÖRSDÖRFER,22 SEP 1998,GER,968,Javelin Throw,24.0,2nd Class,Female
119,Riko NISHIMURA,01 NOV 1993,JPN,968,Javelin Throw,29.0,2nd Class,Female
120,Sayuka KURATA,22 MAY 2004,JPN,967,Javelin Throw,18.0,2nd Class,Female
121,Orie USHIRO,24 AUG 1990,JPN,966,Javelin Throw,32.0,2nd Class,Female
122,Akiho HYODO,29 OCT 1999,JPN,965,Javelin Throw,23.0,2nd Class,Female
123,Mackenzie MIELCZAREK,06 FEB 2003,AUS,965,Javelin Throw,20.0,2nd Class,Female
124,Patricia MADL,14 FEB 1999,AUT,965,Javelin Throw,24.0,2nd Class,Female
125,Evelina MENDES,02 JAN 1998,FRA,962,Javelin Throw,25.0,2nd Class,Female
126,Margaux NICOLLIN,01 MAY 1995,FRA,961,Javelin Throw,28.0,2nd Class,Female
127,Nana TAKAHASHI,15 APR 2001,JPN,959,Javelin Throw,22.0,2nd Class,Female
128,Yu GONG,22 JUL 2003,CHN,957,Javelin Throw,19.0,2nd Class,Female
129,Leonie TRÖGER,22 DEC 2000,GER,957,Javelin Throw,22.0,2nd Class,Female
130,Viktoriya CHERVYAKOVA,08 MAR 2002,RUS,956,Javelin Throw,21.0,2nd Class,Female
131,Jess BELL,13 JAN 2000,AUS,954,Javelin Throw,23.0,2nd Class,Female
132,Mirta KULIŠIĆ,21 MAY 2000,CRO,953,Javelin Throw,22.0,2nd Class,Female
133,Dana BAKER,07 OCT 1999,USA,952,Javelin Throw,23.0,2nd Class,Female
135,Megan ALBAMONTI,10 MAY 2001,USA,948,Javelin Throw,22.0,2nd Class,Female
136,Thais Alves DE AGUIAR,05 DEC 1994,BRA,947,Javelin Throw,28.0,2nd Class,Female
137,Chao-Chi SU,10 SEP 2000,TPE,947,Javelin Throw,22.0,2nd Class,Female
138,Ivana KOKTAVÁ,29 JUN 2001,CZE,945,Javelin Throw,21.0,2nd Class,Female
139,Arianne DUARTE MORAIS,23 MAY 1999,NOR,944,Javelin Throw,23.0,2nd Class,Female
140,Chih-Jen LIU,13 DEC 2003,TPE,944,Javelin Throw,19.0,2nd Class,Female
141,Caroline NÄSLUND,23 JAN 1998,SWE,943,Javelin Throw,25.0,2nd Class,Female
142,Nina RMAN,15 JUL 2001,SLO,941,Javelin Throw,21.0,2nd Class,Female
143,Josefa SCHEPP,18 FEB 2003,GER,939,Javelin Throw,20.0,2nd Class,Female
144,Rei NAKAMURA,09 JAN 2003,JPN,938,Javelin Throw,20.0,2nd Class,Female
145,Kana SHINODA,05 OCT 2002,JPN,937,Javelin Throw,20.0,2nd Class,Female
146,Yuika NAKAMURA,20 FEB 2001,JPN,937,Javelin Throw,22.0,2nd Class,Female
147,Géraldine RUCKSTUHL,24 FEB 1998,SUI,936,Javelin Throw,25.0,2nd Class,Female
148,Yun MO,14 MAY 2003,CHN,936,Javelin Throw,20.0,2nd Class,Female
149,Maria Børstad JENSEN,12 DEC 1994,NOR,935,Javelin Throw,28.0,2nd Class,Female
150,Annabella BOGDÁN,07 APR 1992,HUN,932,Javelin Throw,31.0,2nd Class,Female
151,Alyssa JOHN,11 MAY 2003,GER,932,Javelin Throw,20.0,2nd Class,Female
152,Nao KAWATA,17 MAY 2000,JPN,932,Javelin Throw,22.0,2nd Class,Female
153,Zhuoma RENQING,09 JUN 1999,CHN,931,Javelin Throw,23.0,2nd Class,Female
154,Beatrice LANTZ,22 OCT 1997,SWE,930,Javelin Throw,25.0,2nd Class,Female
155,Ioana Valentina PLAVAN,16 JUL 1998,ROU,929,Javelin Throw,24.0,2nd Class,Female
156,Noemi LUYER,20 SEP 2000,AUT,929,Javelin Throw,22.0,2nd Class,Female
157,Ka-hui LEE,28 JUL 1998,KOR,929,Javelin Throw,24.0,2nd Class,Female
159,Lilly URBAN,10 MAY 2002,GER,928,Javelin Throw,21.0,2nd Class,Female
160,Alina SHUKH,12 FEB 1999,UKR,927,Javelin Throw,24.0,2nd Class,Female
161,Christina LAHRS,08 JAN 2004,GER,927,Javelin Throw,19.0,2nd Class,Female
162,Vivian SUOMINEN,17 SEP 2003,FIN,927,Javelin Throw,19.0,2nd Class,Female
163,Emma HAMPLETT,27 JUL 1998,GBR,927,Javelin Throw,24.0,2nd Class,Female
164,Emily DIBBLE,17 SEP 1999,GBR,926,Javelin Throw,23.0,2nd Class,Female
165,Ah-young PARK,05 OCT 2000,KOR,923,Javelin Throw,22.0,2nd Class,Female
166,Sanija OZOLIŅA,07 DEC 2003,LAT,923,Javelin Throw,19.0,2nd Class,Female
167,Bailey DELL,07 OCT 1996,CAN,923,Javelin Throw,26.0,2nd Class,Female
168,Stefani Beatriz NAVARRO DA SILVA,16 MAR 2003,BRA,922,Javelin Throw,20.0,2nd Class,Female
169,Marianaily SILVA,18 DEC 2002,CUB,921,Javelin Throw,20.0,2nd Class,Female
170,Katrina BLACKETT,08 JUN 1995,AUS,921,Javelin Throw,27.0,2nd Class,Female
171,Mikako YAMASHITA,03 MAY 1997,JPN,921,Javelin Throw,26.0,2nd Class,Female
172,Sharmila KUMARI,02 MAR 1995,IND,920,Javelin Throw,28.0,2nd Class,Female
173,Luisa TREMEL,11 SEP 2002,GER,918,Javelin Throw,20.0,2nd Class,Female
174,Chloé SERVANT,15 MAY 1999,FRA,917,Javelin Throw,24.0,2nd Class,Female
175,Dewi LAFONTAINE,08 JAN 1999,NED,916,Javelin Throw,24.0,2nd Class,Female
176,Natalia MADRZEJWSKA,12 APR 2002,POL,915,Javelin Throw,21.0,2nd Class,Female
177,Iori HIRAMATSU,06 APR 2002,JPN,912,Javelin Throw,21.0,2nd Class,Female
178,Mia GORDON,23 OCT 2002,AUS,912,Javelin Throw,20.0,2nd Class,Female
179,Atina KAMASI,30 OCT 1997,SRB,910,Javelin Throw,25.0,2nd Class,Female
180,Laura Melissa PAREDES MEZA,30 AUG 1996,PAR,909,Javelin Throw,26.0,2nd Class,Female
181,Salumi ROBBERTS,04 AUG 2002,AUS,909,Javelin Throw,20.0,2nd Class,Female
182,Clarissa WEYER,03 DEC 2001,RSA,909,Javelin Throw,21.0,2nd Class,Female
183,Jade MARAVAL,06 JUN 2002,FRA,908,Javelin Throw,20.0,2nd Class,Female
184,Aleksandra PEROVA,10 DEC 2002,RUS,907,Javelin Throw,20.0,2nd Class,Female
185,Ashley PRYKE,07 JUL 1997,CAN,907,Javelin Throw,25.0,2nd Class,Female
186,Pin-Hsun CHU,08 APR 2005,TPE,906,Javelin Throw,18.0,2nd Class,Female
187,Carmen SÁNCHEZ,29 FEB 1992,ESP,906,Javelin Throw,31.0,2nd Class,Female
188,Yuri TANAKA,15 NOV 2001,JPN,905,Javelin Throw,21.0,2nd Class,Female
189,Minna HOLLANTI,06 FEB 2001,FIN,905,Javelin Throw,22.0,2nd Class,Female
190,Karolina BOŁDYSZ,21 APR 1993,POL,904,Javelin Throw,30.0,2nd Class,Female
191,Siiri ELOMAA,19 SEP 2003,FIN,904,Javelin Throw,19.0,2nd Class,Female
192,Pauline SMAL,29 MAR 1998,BEL,903,Javelin Throw,25.0,2nd Class,Female
193,Ritsuko HORIUCHI,28 APR 2002,JPN,903,Javelin Throw,21.0,2nd Class,Female
194,Noémie PLEIMLING,27 AUG 1993,LUX,902,Javelin Throw,29.0,2nd Class,Female
195,Ivana DJURIĆ,26 AUG 2001,SRB,902,Javelin Throw,21.0,2nd Class,Female
196,Bianca SALMING,22 NOV 1998,SWE,901,Javelin Throw,24.0,2nd Class,Female
197,Minka NURRO,07 DEC 1999,FIN,901,Javelin Throw,23.0,2nd Class,Female
198,Harriette MORTLOCK,27 NOV 2003,GBR,900,Javelin Throw,19.0,2nd Class,Female
199,Enya CARRETERO,09 SEP 1992,ESP,897,Javelin Throw,30.0,2nd Class,Female
200,Anna MAKAI,08 MAR 2004,HUN,896,Javelin Throw,19.0,2nd Class,Female
201,Jelena JAAKKOLA,07 MAR 1989,FIN,896,Javelin Throw,34.0,3rd Class,Female
202,Noa SAITO,29 MAY 2003,JPN,896,Javelin Throw,19.0,3rd Class,Female
203,Anna ADYSEVA,28 JUL 1998,RUS,894,Javelin Throw,24.0,3rd Class,Female
204,Chiara-Belinda SCHULER,02 JUN 2001,AUT,894,Javelin Throw,21.0,3rd Class,Female
205,Noah VERDUIN,18 JUN 2003,NED,892,Javelin Throw,19.0,3rd Class,Female
206,Natsumi TERADA,25 MAY 2002,JPN,891,Javelin Throw,20.0,3rd Class,Female
207,Danien TEN BERGE,28 DEC 1992,NED,890,Javelin Throw,30.0,3rd Class,Female
208,Laura PESOLA,12 MAY 1996,FIN,890,Javelin Throw,27.0,3rd Class,Female
209,Arzu ATLI,13 SEP 2003,TUR,889,Javelin Throw,19.0,3rd Class,Female
210,Julia ULBRICHT,28 NOV 2000,GER,887,Javelin Throw,22.0,3rd Class,Female
211,Sabrina BOSS,23 MAR 2005,SUI,887,Javelin Throw,18.0,3rd Class,Female
212,Hina TSUTSUMI,07 JAN 2005,JPN,886,Javelin Throw,18.0,3rd Class,Female
213,Valeriya KUCHINA,12 AUG 1998,RUS,886,Javelin Throw,24.0,3rd Class,Female
214,Kathrin WALTER,06 FEB 2000,GER,885,Javelin Throw,23.0,3rd Class,Female
215,Ayano MORI,23 MAY 2000,JPN,885,Javelin Throw,22.0,3rd Class,Female
216,Laine DONANE,01 OCT 1998,LAT,884,Javelin Throw,24.0,3rd Class,Female
217,Fang YANG,22 APR 2004,CHN,883,Javelin Throw,19.0,3rd Class,Female
218,Mali Ingeborg VOLLAN MARSTAD,09 DEC 1997,NOR,882,Javelin Throw,25.0,3rd Class,Female
219,Adele TONIUTTO,12 JUN 2001,ITA,881,Javelin Throw,21.0,3rd Class,Female
221,Napsugár ESZENYI,11 JAN 2002,HUN,879,Javelin Throw,21.0,3rd Class,Female
222,Fanni MÁTÉ,04 AUG 1999,HUN,878,Javelin Throw,23.0,3rd Class,Female
223,Andrea ŽELEZNÁ,04 JUL 1993,CZE,878,Javelin Throw,29.0,3rd Class,Female
224,Sietske VERKADE,10 NOV 2002,NED,877,Javelin Throw,20.0,3rd Class,Female
225,Adéla MÜLLEROVÁ,15 DEC 2004,CZE,877,Javelin Throw,18.0,3rd Class,Female
226,Matilda ELFGAARD,11 JUN 1992,SWE,877,Javelin Throw,30.0,3rd Class,Female
227,Miyabi SONO,09 APR 2005,JPN,877,Javelin Throw,18.0,3rd Class,Female
228,Se-bin LEE,14 APR 2001,KOR,876,Javelin Throw,22.0,3rd Class,Female
231,Miu TABATA,17 MAY 2002,JPN,874,Javelin Throw,20.0,3rd Class,Female
233,Airi MAEKAWA,28 JUN 2003,JPN,871,Javelin Throw,19.0,3rd Class,Female
234,Roosa YLÖNEN,29 APR 1999,FIN,871,Javelin Throw,24.0,3rd Class,Female
235,Luisa SINIGAGLIA,27 SEP 1997,ITA,871,Javelin Throw,25.0,3rd Class,Female
236,Lauren FARLEY,16 SEP 2001,GBR,870,Javelin Throw,21.0,3rd Class,Female
237,Blanka KÁLLAI-KISS,25 MAY 2004,HUN,870,Javelin Throw,18.0,3rd Class,Female
238,Amanda OLSSON,03 JUL 2003,SWE,870,Javelin Throw,19.0,3rd Class,Female
239,Julia SZAŁAS,24 OCT 1998,POL,868,Javelin Throw,24.0,3rd Class,Female
240,Lena MEYER,26 FEB 1999,SUI,868,Javelin Throw,24.0,3rd Class,Female
242,Marie DEHNING,26 MAY 2003,GER,867,Javelin Throw,19.0,3rd Class,Female
243,Karina POLUDKINA,16 SEP 2003,RUS,867,Javelin Throw,19.0,3rd Class,Female
244,Callie JONES,26 DEC 1998,USA,866,Javelin Throw,24.0,3rd Class,Female
245,Tjara HSU,16 FEB 2002,GER,866,Javelin Throw,21.0,3rd Class,Female
246,Ana SOLER,19 OCT 1999,PUR,865,Javelin Throw,23.0,3rd Class,Female
247,Heidi NOKELAINEN,30 SEP 1990,FIN,865,Javelin Throw,32.0,3rd Class,Female
248,Helmiina KYNNÄS,20 MAY 2004,FIN,865,Javelin Throw,18.0,3rd Class,Female
249,Katre Marit LIIV,30 SEP 2002,EST,864,Javelin Throw,20.0,3rd Class,Female
251,Paula RODRIGUEZ,21 JUL 2003,ESP,861,Javelin Throw,19.0,3rd Class,Female
253,Laureen THOMAS,01 MAR 2002,FRA,860,Javelin Throw,21.0,3rd Class,Female
254,Sophie HAMILTON,06 MAY 2004,GBR,860,Javelin Throw,19.0,3rd Class,Female
255,Pálma SÁRI,16 SEP 2002,HUN,859,Javelin Throw,20.0,3rd Class,Female
256,Sabrina SCHRÖDER,25 JAN 2000,GER,858,Javelin Throw,23.0,3rd Class,Female
257,Joanna BLAIR,01 MAR 1986,GBR,858,Javelin Throw,37.0,3rd Class,Female
258,Miran NARAOKA,04 MAR 2001,JPN,858,Javelin Throw,22.0,3rd Class,Female
259,Ilhem TAMROUTI,20 DEC 1999,NED,858,Javelin Throw,23.0,3rd Class,Female
260,Petra HANULIAKOVÁ,24 JUN 2002,SVK,857,Javelin Throw,20.0,3rd Class,Female
261,Mikhaela PETKOVA,11 JAN 1999,BUL,857,Javelin Throw,24.0,3rd Class,Female
262,Selma DAVULCU,18 SEP 2003,TUR,857,Javelin Throw,19.0,3rd Class,Female
263,Zoe SCHWARTZ,02 OCT 2004,FRA,856,Javelin Throw,18.0,3rd Class,Female
264,Mariya MATSUI,17 FEB 1990,JPN,856,Javelin Throw,33.0,3rd Class,Female
265,Yin-Hsuan YU,27 NOV 2005,TPE,856,Javelin Throw,17.0,3rd Class,Female
266,Ida EIKENG,25 JUN 1999,NOR,855,Javelin Throw,23.0,3rd Class,Female
267,Miyabi EGAWA,20 JAN 2003,JPN,855,Javelin Throw,20.0,3rd Class,Female
268,Ying WANG,05 JUN 2001,CHN,855,Javelin Throw,21.0,3rd Class,Female
269,Lara LATZ,12 OCT 2000,GER,854,Javelin Throw,22.0,3rd Class,Female
270,Victoria KRAUSE,10 JUL 2000,GER,854,Javelin Throw,22.0,3rd Class,Female
271,Yu UEDA,06 JUN 2005,JPN,853,Javelin Throw,17.0,3rd Class,Female
272,Varvara SUDOPLATOVA,15 DEC 2004,RUS,851,Javelin Throw,18.0,3rd Class,Female
273,Tomoka YAMAGATA,25 APR 2001,JPN,851,Javelin Throw,22.0,3rd Class,Female
274,Aleksandra IVANOVA,13 JUL 1999,RUS,851,Javelin Throw,23.0,3rd Class,Female
275,Anisha GIBBONS,25 SEP 2004,GUY,849,Javelin Throw,18.0,3rd Class,Female
277,Paula PIÑON,29 AUG 2003,ESP,849,Javelin Throw,19.0,3rd Class,Female
278,Haruna OKADA,09 APR 2003,JPN,849,Javelin Throw,20.0,3rd Class,Female
279,Federica DOZIO,22 AUG 2003,ITA,848,Javelin Throw,19.0,3rd Class,Female
281,Ayuki NISHINO,26 DEC 2001,JPN,847,Javelin Throw,21.0,3rd Class,Female
282,Dominella Johana ARIAS,14 MAY 1994,ARG,847,Javelin Throw,29.0,3rd Class,Female
284,Jana STOJIĆ,05 MAY 2003,CRO,842,Javelin Throw,20.0,3rd Class,Female
286,Jenice KOLLER,10 OCT 2005,SUI,842,Javelin Throw,17.0,3rd Class,Female
288,Fiorella Jazmin VELOSO,21 SEP 2002,PAR,841,Javelin Throw,20.0,3rd Class,Female
289,Elisabeth HAFENRICHTER,27 APR 2000,GER,841,Javelin Throw,23.0,3rd Class,Female
290,Jane ROOSIMÄGI,18 APR 2004,EST,840,Javelin Throw,19.0,3rd Class,Female
292,Margarita TSOUKALA,12 FEB 2001,GRE,840,Javelin Throw,22.0,3rd Class,Female
293,Abbey MOODY,18 JAN 2004,NZL,839,Javelin Throw,19.0,3rd Class,Female
294,Aina RAMOS,11 JUN 2002,ESP,839,Javelin Throw,20.0,3rd Class,Female
296,Liv CANTBY,26 NOV 1999,DEN,834,Javelin Throw,23.0,3rd Class,Female
297,Aleida MENDES,07 MAY 2001,POR,834,Javelin Throw,22.0,3rd Class,Female
298,Yelizaveta POROTIKOVA,20 AUG 2000,RUS,834,Javelin Throw,22.0,3rd Class,Female
299,Volha ZHVANKO,11 MAR 2002,BLR,833,Javelin Throw,21.0,3rd Class,Female
301,Zsófi HORVÁTH,16 OCT 2004,HUN,833,Javelin Throw,18.0,4th Class,Female
302,Céline BUCHSER,28 AUG 2004,SUI,833,Javelin Throw,18.0,4th Class,Female
303,Margherita REGONASCHI,19 DEC 2001,ITA,831,Javelin Throw,21.0,4th Class,Female
304,Ana Camila PIRELLI CUBAS,30 JAN 1989,PAR,831,Javelin Throw,34.0,4th Class,Female
305,Fanny BOISSONNARD,08 JAN 2001,FRA,831,Javelin Throw,22.0,4th Class,Female
306,Lili STOYCHEVA,08 JAN 1998,BUL,830,Javelin Throw,25.0,4th Class,Female
307,Angelika ANTONIAK,29 MAY 2000,POL,830,Javelin Throw,22.0,4th Class,Female
308,Sayaka NISHIKAWA,21 NOV 2000,JPN,830,Javelin Throw,22.0,4th Class,Female
309,Paulina LIGARSKA,09 APR 1996,POL,827,Javelin Throw,27.0,4th Class,Female
310,Haruna IRIE,05 MAY 2004,JPN,827,Javelin Throw,19.0,4th Class,Female
311,Riko TERADA,24 AUG 2005,JPN,827,Javelin Throw,17.0,4th Class,Female
312,Camryn NEWTON-SMITH,27 APR 2000,AUS,826,Javelin Throw,23.0,4th Class,Female
313,Areli CARRARO,21 APR 1998,MEX,826,Javelin Throw,25.0,4th Class,Female
315,Chako TAKAHASHI,01 APR 2003,JPN,825,Javelin Throw,20.0,4th Class,Female
316,Karin IIDA,13 APR 2004,JPN,825,Javelin Throw,19.0,4th Class,Female
317,Kamilė KUNICKAITĖ,27 MAY 1997,LTU,824,Javelin Throw,25.0,4th Class,Female
318,Ronja KOIVISTO,13 SEP 2000,FIN,823,Javelin Throw,22.0,4th Class,Female
320,Eleni DIMA,20 MAR 2003,GRE,820,Javelin Throw,20.0,4th Class,Female
321,Kim Cara BRÜNGER,06 SEP 1998,GER,820,Javelin Throw,24.0,4th Class,Female
322,Elizabeth BAILEY,07 FEB 2003,USA,819,Javelin Throw,20.0,4th Class,Female
323,Kasumi SAKAMOTO,26 APR 2001,JPN,819,Javelin Throw,22.0,4th Class,Female
324,Kokoro KAWAI,25 SEP 2003,JPN,819,Javelin Throw,19.0,4th Class,Female
325,Riko SAKAKIBARA,02 MAY 1998,JPN,819,Javelin Throw,25.0,4th Class,Female
326,Lilly GERHARD,28 MAR 2003,GER,819,Javelin Throw,20.0,4th Class,Female
327,Gianna BOCHSLER,07 JAN 2001,SUI,819,Javelin Throw,22.0,4th Class,Female
328,Venuše ŽITNÁ,07 JUL 1998,CZE,818,Javelin Throw,24.0,4th Class,Female
329,Citli CEJA,30 APR 2001,MEX,816,Javelin Throw,22.0,4th Class,Female
330,Vår Eik LITLAND,21 MAY 2003,NOR,816,Javelin Throw,19.0,4th Class,Female
331,Natsumi NOMA,16 AUG 2002,JPN,816,Javelin Throw,20.0,4th Class,Female
334,Nako INUI,17 MAY 2005,JPN,814,Javelin Throw,17.0,4th Class,Female
335,Tamara SUŠA,11 FEB 1999,SRB,812,Javelin Throw,24.0,4th Class,Female
336,Mizuki NAKANO,06 DEC 1998,JPN,812,Javelin Throw,24.0,4th Class,Female
337,Mei NAKAYAMA,10 JUN 2003,JPN,812,Javelin Throw,19.0,4th Class,Female
338,Arndís Diljá ÓSKARSDÓTTIR,24 APR 2004,ISL,812,Javelin Throw,19.0,4th Class,Female
339,Kadi KAART,30 APR 1997,EST,812,Javelin Throw,26.0,4th Class,Female
340,Miia MAKKONEN,25 SEP 1994,FIN,811,Javelin Throw,28.0,4th Class,Female
341,Paulina CAZARES,12 MAR 2003,MEX,811,Javelin Throw,20.0,4th Class,Female
343,Yuki YAMASAKI,06 JUN 1995,JPN,810,Javelin Throw,27.0,4th Class,Female
344,Kateřina ŠŤASTNÁ,11 JAN 2001,CZE,808,Javelin Throw,22.0,4th Class,Female
347,Viivi RAATIKAINEN,10 MAY 2003,FIN,805,Javelin Throw,20.0,4th Class,Female
348,Chantelle CHIPPINDALL,17 OCT 2001,AUS,805,Javelin Throw,21.0,4th Class,Female
349,Moa HIGUCHI,06 APR 2003,JPN,805,Javelin Throw,20.0,4th Class,Female
350,Merja PERÄTALO,22 MAR 1996,FIN,803,Javelin Throw,27.0,4th Class,Female
351,Sofia PÖLKKY,19 JAN 2000,FIN,803,Javelin Throw,23.0,4th Class,Female
353,Yelena YERMOLINA,03 FEB 1989,RUS,802,Javelin Throw,34.0,4th Class,Female
355,Hana HABALOVÁ,05 MAY 1995,CZE,801,Javelin Throw,28.0,4th Class,Female
356,Iveta MOCHAROVÁ,24 MAY 1998,CZE,800,Javelin Throw,24.0,4th Class,Female
357,Marys A. PATTERSON,16 OCT 2001,CUB,800,Javelin Throw,21.0,4th Class,Female
358,Rino KATO,11 JUN 2002,JPN,800,Javelin Throw,20.0,4th Class,Female
359,Heidi LÄHDEMÄKI,08 JUL 1999,FIN,799,Javelin Throw,23.0,4th Class,Female
361,Stina JACOBSON,09 MAR 2000,SWE,798,Javelin Throw,23.0,4th Class,Female
363,Eunice KARLSSON,25 JUL 1998,SWE,797,Javelin Throw,24.0,4th Class,Female
365,Tilda BERNHULT,07 MAY 2004,SWE,797,"Javelin Throw,Javelin Throw ind.",19.0,4th Class,Female
366,Sharon TOAKO,12 OCT 1992,PNG,797,Javelin Throw,30.0,4th Class,Female
367,Kurumi NAGAI,18 FEB 2001,JPN,797,Javelin Throw,22.0,4th Class,Female
368,Hinata MORI,01 DEC 2005,JPN,796,Javelin Throw,17.0,4th Class,Female
370,Ami KAMETANI,12 MAY 2003,JPN,795,Javelin Throw,20.0,4th Class,Female
371,Hannah JOHNSON,14 JUN 1994,GBR,794,Javelin Throw,28.0,4th Class,Female
372,Isabel POSCH,28 FEB 2000,AUT,794,Javelin Throw,23.0,4th Class,Female
374,Veronique QUEDNAU,18 DEC 2003,GER,794,Javelin Throw,19.0,4th Class,Female
375,Iroha TANIYAMA,26 SEP 2005,JPN,794,Javelin Throw,17.0,4th Class,Female
376,Paula REDONDO,14 OCT 2004,ESP,793,Javelin Throw,18.0,4th Class,Female
377,Fuuna FURUKAWA,12 APR 2004,JPN,793,Javelin Throw,19.0,4th Class,Female
378,Minttu TURUNEN,17 SEP 2004,FIN,793,Javelin Throw,18.0,4th Class,Female
380,Saho NARITA,22 SEP 2006,JPN,792,Javelin Throw,16.0,4th Class,Female
381,Marine BAURAIN,01 MAY 1999,FRA,792,Javelin Throw,24.0,4th Class,Female
382,Hemamalini NEELAKANDAN,12 APR 2000,IND,791,Javelin Throw,23.0,4th Class,Female
383,Genet GALLI,19 DEC 2004,ITA,790,Javelin Throw,18.0,4th Class,Female
385,Laura VAL,13 OCT 2004,GER,789,Javelin Throw,18.0,4th Class,Female
386,Kirsten UMANS,30 AUG 1993,BEL,788,Javelin Throw,29.0,4th Class,Female
387,Alisia Adela PARUBA,08 OCT 2003,ROU,788,Javelin Throw,19.0,4th Class,Female
388,Jenni VUORI,24 JAN 1995,FIN,788,Javelin Throw,28.0,4th Class,Female
389,Karina BELL,17 DEC 2005,AUS,788,Javelin Throw,17.0,4th Class,Female
392,Sofie HAMMAR,15 FEB 1995,SWE,788,Javelin Throw,28.0,4th Class,Female
393,Laura MARTINEZ,20 MAY 2003,ESP,788,Javelin Throw,19.0,4th Class,Female
394,Karla SCHÄRFE,05 FEB 2003,DEN,786,Javelin Throw,20.0,4th Class,Female
395,Ki Sum NG,24 SEP 1996,HKG,786,Javelin Throw,26.0,4th Class,Female
396,Janice MAY,25 FEB 2002,FRA,786,Javelin Throw,21.0,4th Class,Female
397,Pilke KÖSSI,27 NOV 2001,FIN,785,Javelin Throw,21.0,4th Class,Female
399,Sanni NOKELAINEN,10 FEB 1999,FIN,785,Javelin Throw,24.0,4th Class,Female
400,Laura SCHÜTZ,23 MAR 2003,GER,785,Javelin Throw,20.0,4th Class,Female
401,Anastasia NTRAGKOMIROVA,22 JAN 2003,GRE,784,Javelin Throw,20.0,5th Class,Female
402,Natalia JASINSKA,03 OCT 2004,POL,784,Javelin Throw,18.0,5th Class,Female
403,Kyoko SUZUKI,28 JUN 2005,JPN,784,Javelin Throw,17.0,5th Class,Female
404,Beata SKRABA,20 JUN 1988,POL,784,Javelin Throw,34.0,5th Class,Female
406,Magdaléna HELLMAYEROVÁ,09 FEB 2005,CZE,783,Javelin Throw,18.0,5th Class,Female
407,Medine AMOCA,16 APR 2004,TUR,783,Javelin Throw,19.0,5th Class,Female
408,Antonia FRANZKE,26 JAN 2004,GER,783,Javelin Throw,19.0,5th Class,Female
410,Elise Hoel ULSETH,23 DEC 1999,NOR,782,Javelin Throw,23.0,5th Class,Female
411,Jennifer BUCKEL,18 MAR 2000,GER,782,Javelin Throw,23.0,5th Class,Female
414,Amanda RASK,02 DEC 2002,SWE,782,Javelin Throw,20.0,5th Class,Female
415,Hana FUJITA,27 SEP 2005,JPN,781,Javelin Throw,17.0,5th Class,Female
416,Cecile BOGLIOLO,10 SEP 2002,FRA,781,Javelin Throw,20.0,5th Class,Female
417,Sarah DEQUINAN,22 DEC 1992,PHI,781,Javelin Throw,30.0,5th Class,Female
419,Ulrike SCHMIDT,22 MAY 2004,GER,780,Javelin Throw,18.0,5th Class,Female
420,Elva VESTARTA,08 DEC 2003,LAT,780,Javelin Throw,19.0,5th Class,Female
421,Yuliya LOBAN,07 AUG 2000,UKR,780,Javelin Throw,22.0,5th Class,Female
422,Sydney HOLLERING,03 AUG 2001,GER,779,Javelin Throw,21.0,5th Class,Female
423,Lydia BOLL,01 DEC 1999,SUI,779,Javelin Throw,23.0,5th Class,Female
425,Manaka KIKUCHI,08 MAY 2001,JPN,778,Javelin Throw,22.0,5th Class,Female
427,Žana SOVDAT,08 JUN 2004,SLO,776,Javelin Throw,18.0,5th Class,Female
429,Violetta OVCHINNIKOVA,25 FEB 2004,RUS,775,Javelin Throw,19.0,5th Class,Female
432,Angel RICHMORE,30 APR 2001,SWE,774,Javelin Throw,22.0,5th Class,Female
435,Atsuki KUBO,18 MAR 2003,JPN,774,Javelin Throw,20.0,5th Class,Female
436,Nanaka KAJIKI,07 DEC 2000,JPN,773,Javelin Throw,22.0,5th Class,Female
438,Mahiro SUZUKI,13 DEC 2000,JPN,773,Javelin Throw,22.0,5th Class,Female
439,Mayu ONO,27 NOV 2005,JPN,773,Javelin Throw,17.0,5th Class,Female
440,Sabrina REUSCH,17 NOV 1998,GER,773,Javelin Throw,24.0,5th Class,Female
443,Jae-eun KWON,23 AUG 2001,KOR,772,Javelin Throw,21.0,5th Class,Female
444,Imogen BEARD,03 MAY 1998,NED,771,Javelin Throw,25.0,5th Class,Female
445,Elizabeth MORLAND,03 MAR 1998,IRL,771,Javelin Throw,25.0,5th Class,Female
446,Marion BOUIN,26 OCT 2003,FRA,771,Javelin Throw,19.0,5th Class,Female
447,Mio HOSOGAI,26 APR 2005,JPN,771,Javelin Throw,18.0,5th Class,Female
448,Vanessa Valentina ORIAKU,25 MAR 2005,ROU,770,Javelin Throw,18.0,5th Class,Female
449,Eva DURAND,18 JUL 2004,GBR,770,Javelin Throw,18.0,5th Class,Female
452,Tika SUGIMOTO,15 SEP 1998,JPN,770,Javelin Throw,24.0,5th Class,Female
453,Thaila WILSON,29 MAY 2001,JAM,769,Javelin Throw,21.0,5th Class,Female
454,Camille VAN DE BRUG,20 SEP 2000,NED,769,Javelin Throw,22.0,5th Class,Female
455,Melanie RICHARD,17 JAN 1997,SUI,769,Javelin Throw,26.0,5th Class,Female
457,Karolína KREJČÍ,20 AUG 2003,CZE,768,Javelin Throw,19.0,5th Class,Female
458,Hana HÁJKOVÁ,06 APR 2002,CZE,768,Javelin Throw,21.0,5th Class,Female
460,Rebecca LJUNG,07 FEB 1996,FIN,767,Javelin Throw,27.0,5th Class,Female
461,Marta FARIA,30 JUL 2004,POR,767,Javelin Throw,18.0,5th Class,Female
462,Taylor KESNER,11 NOV 2002,USA,766,Javelin Throw,20.0,5th Class,Female
463,Yekaterina FEDOTOVA,28 FEB 2005,RUS,766,Javelin Throw,18.0,5th Class,Female
466,Michaela TREGLEROVÁ,14 SEP 1999,CZE,766,Javelin Throw,23.0,5th Class,Female
467,Mathilde REY,29 MAR 2000,SUI,765,Javelin Throw,23.0,5th Class,Female
469,Claudia LEGGE,20 SEP 2004,AUS,765,Javelin Throw,18.0,5th Class,Female
472,Veera MATINTALO,23 SEP 2000,FIN,764,Javelin Throw,22.0,5th Class,Female
473,Jennifer VOGT,27 MAR 1985,GER,763,Javelin Throw,38.0,5th Class,Female
475,Tihiro ASADA,01 DEC 2005,JPN,762,Javelin Throw,17.0,5th Class,Female
476,Tina VAUPOT,14 JAN 1997,SLO,762,Javelin Throw,26.0,5th Class,Female
477,Kano SHIRAISHI,22 MAR 2003,JPN,762,Javelin Throw,20.0,5th Class,Female
479,Myke VAN DE WIEL,04 JUN 1997,NED,761,Javelin Throw,25.0,5th Class,Female
480,Kayla IVEN,20 FEB 2002,BEL,760,Javelin Throw,21.0,5th Class,Female
481,Eloise MEAKINS,26 JAN 1993,GBR,760,Javelin Throw,30.0,5th Class,Female
482,Olivia MORGAN,22 JUN 2000,USA,759,Javelin Throw,22.0,5th Class,Female
483,Eun-hwan YOON,18 AUG 2006,KOR,759,Javelin Throw,16.0,5th Class,Female
484,Nina REINCKE,24 FEB 2004,GER,758,Javelin Throw,19.0,5th Class,Female
487,Delia FRAVEZZI,06 SEP 1998,ITA,758,Javelin Throw,24.0,5th Class,Female
488,Eva REMEŠOVÁ,17 MAR 2004,CZE,758,Javelin Throw,19.0,5th Class,Female
490,Lorena Emanuelle GARCIA,26 FEB 2003,BRA,757,Javelin Throw,20.0,5th Class,Female
491,Furi KATSUMI,04 APR 2005,JPN,756,Javelin Throw,18.0,5th Class,Female
492,Ludovica GIANNURSINI,05 FEB 2002,ITA,756,Javelin Throw,21.0,5th Class,Female
493,Agathe FERRARI,05 FEB 2002,FRA,756,Javelin Throw,21.0,5th Class,Female
494,Wakana YAMASHITA,30 JAN 2003,JPN,755,Javelin Throw,20.0,5th Class,Female
496,Yu-bin CHOI,06 NOV 2005,KOR,755,Javelin Throw,17.0,5th Class,Female
497,Saga KURUNMÄKI,05 JAN 2003,FIN,755,Javelin Throw,20.0,5th Class,Female
498,Yasmin WILKE,05 JAN 2003,GER,754,Javelin Throw,20.0,5th Class,Female
499,Júlia HANULIAKOVÁ,16 MAY 2000,SVK,754,Javelin Throw,22.0,5th Class,Female
500,Wiebke OELGARDT,29 JUL 2001,GER,754,Javelin Throw,21.0,5th Class,Female
